계정,업종,모형,h,β3,SE,p,CI_lo,CI_hi,환산,단위,γ,N,노출법인,비노출법인,월,pf_β3,pf_SE,p_holm,p_holm_36,출처,구분
거치식,,C1,-6,-1.1742321549405523,0.6675796394209933,0.0891368492981281,-2.53958582196863,0.1911215120875253,12.459527513583058,%,-0.0106367214740664,17669,170,604,30,-1.174232154940268,0.6737248959679941,,,harmonized run_common,사후 재추정
거치식,,C1,-5,-1.0503277388325465,0.5113963586449697,0.0487957273145644,-2.094738436345917,-0.0059170413191753,11.074701325210755,%,-0.0073615819182249,18376,169,608,31,,,,,harmonized run_common,사후 재추정
거치식,,C1,-4,-0.4686919285305874,0.3884717518398438,0.2367509341803206,-1.2609852899531178,0.3236014328919429,4.798491619656153,%,-0.034180788845669,19116,174,618,32,,,,,harmonized run_common,사후 재추정
거치식,,C1,-3,-0.3096607295353386,0.2970649007821812,0.3050374484480752,-0.9147621311102304,0.2954406720395531,3.145050922353932,%,-0.0038680778090026,19844,172,629,33,,,,,harmonized run_common,사후 재추정
거치식,,C1,-2,-0.072143049041226,0.1522665942481981,0.6387663135865319,-0.3819317643296965,0.2376456662472445,0.7240390694297716,%,0.003035064937747,20576,170,634,34,-0.0721430490411965,0.1518161766559778,,,harmonized run_common,사후 재추정
거치식,,C1,0,-0.0102587034619373,0.1111143007400538,0.9269811513488508,-0.2360701310475896,0.2155527241237148,0.1026396731162782,%,-0.0060861331187244,21977,174,649,35,-0.0102587034619997,0.110796334195208,,,harmonized run_common,사후 재추정
거치식,,C1,1,-0.1113674153916074,0.1936328779575803,0.5690927985155324,-0.5053164676854455,0.2825816369022307,1.1198985897054925,%,0.0051359888445971,20576,170,634,34,,,1.0,,harmonized run_common,사후 재추정
거치식,,C1,2,-0.216523855581056,0.3004895482462126,0.4764051317889368,-0.8286010357650295,0.3955533246029175,2.188849952248661,%,-0.0113372933682886,19841,172,628,33,,,1.0,,harmonized run_common,사후 재추정
거치식,,C1,3,-0.2775789968856188,0.3596389509678541,0.4460611814558046,-1.011067473232456,0.4559094794612184,2.8146739641965235,%,-0.0101346073825465,19114,173,618,32,,,1.0,,harmonized run_common,사후 재추정
거치식,,C1,4,-0.3634560272951028,0.4126000429596933,0.3853793093871317,-1.206097730500392,0.4791856759101863,3.701417949789976,%,0.0212686561090489,18367,170,608,31,,,1.0,,harmonized run_common,사후 재추정
거치식,,C1,5,-0.5084427364715666,0.4677979209343498,0.2860391263455911,-1.4651969108945495,0.4483114379514167,5.215903163613889,%,-0.0128192268792579,17672,172,604,30,,,1.0,,harmonized run_common,사후 재추정
거치식,,C1,6,-0.7493470997583438,0.4899053529855707,0.137342131474095,-1.7528727236177073,0.2541785241010197,7.78137780997179,%,0.0026083446865121,16971,170,598,29,-0.7493470997576274,0.4959169224100277,0.8240527888445699,,harmonized run_common,사후 재추정
거치식,,C1,7,-0.9664853184201572,0.5767615240689336,0.1053392533160891,-2.149902214236473,0.2169315773961587,10.147317283349787,%,-0.015307658968594,16251,169,594,28,,,0.7824492558381243,,harmonized run_common,사후 재추정
거치식,,C1,8,-1.1729887742045615,0.5921758834444345,0.0582833772333499,-2.390223735478948,0.0442461870698245,12.445545381847833,%,-0.0044275299563483,15562,169,590,27,,,0.628323936349697,,harmonized run_common,사후 재추정
거치식,,C1,9,-1.3106100947627866,0.6973855758145177,0.0719067426311832,-2.746902574286844,0.12568238476127,14.003733227091498,%,-0.0037051679512404,14911,168,583,26,,,0.6471606836806495,,harmonized run_common,사후 재추정
거치식,,C1,10,-1.2727328937906168,0.7388005665287836,0.0978061569797655,-2.7975423203793426,0.2520765327981091,13.572735759760835,%,-0.0161608736490641,14214,166,574,25,,,0.7824492558381243,,harmonized run_common,사후 재추정
거치식,,C1,11,-1.5738480179689311,0.7793578058994582,0.0552453220012612,-3.186072474382337,0.0383764384444749,17.04459169486543,%,-0.0085127510921367,13572,167,565,24,,,0.628323936349697,,harmonized run_common,사후 재추정
거치식,,C1,12,-1.6506349617976788,0.8047837842966502,0.0523603280291414,-3.319654377536384,0.0183844539410262,17.94680080464415,%,0.0373992338812003,12897,166,559,23,-1.6506349617972895,0.8201479341783516,0.628323936349697,,harmonized run_common,사후 재추정
거치식,,C2,-6,-0.3463587034148261,0.8144541385955336,0.6737828046045137,-2.012104449828069,1.3193870429984167,3.5242677596991623,%,-0.0099458418823322,8582,166,213,30,,,,,harmonized run_common,사후 재추정
거치식,,C2,-5,-0.407079260382338,0.6580906094058618,0.5408641917502626,-1.751079585722426,0.9369210649577496,4.154785210785472,%,0.0110141539301232,8919,165,213,31,,,,,harmonized run_common,사후 재추정
거치식,,C2,-4,0.0022380831498499,0.5242977999113873,0.9966214129429206,-1.0670743296854783,1.071550495985178,-0.0223783271772415,%,-0.0090061429327461,9264,170,218,32,,,,,harmonized run_common,사후 재추정
거치식,,C2,-3,0.0590188855836563,0.4042838837208424,0.8848499467749001,-0.7644804373908742,0.8825182085581869,-0.5884506626308128,%,-0.0028652561457513,9604,168,224,33,,,,,harmonized run_common,사후 재추정
거치식,,C2,-2,-0.0070824399174947,0.1678516096428507,0.9665977987906692,-0.3485791074373695,0.33441422760238,0.0708494855746311,%,0.0052511819745026,9960,166,225,34,,,,,harmonized run_common,사후 재추정
거치식,,C2,0,0.0114978501355607,0.088468511800496,0.8973596380805962,-0.1682917972185071,0.1912874974896287,-0.1149124264031575,%,-0.0169190028285309,10741,170,231,35,,,,,harmonized run_common,사후 재추정
거치식,,C2,1,-0.2919436467068212,0.251425514721457,0.2539100417236002,-0.8034727025766994,0.2195854091630569,2.962469769329612,%,-0.0192378611159927,9960,166,225,34,,,1.0,,harmonized run_common,사후 재추정
거치식,,C2,2,-0.492546127067523,0.4249707715650349,0.2550274397518884,-1.3581832616643088,0.3730910075292627,5.048778423075406,%,-0.0376163849491318,9612,168,224,33,,,1.0,,harmonized run_common,사후 재추정
거치식,,C2,3,-0.4944083981829046,0.476876087428536,0.3078653517916411,-1.4670035907583132,0.4781867943925038,5.068343175338863,%,-0.023116186131151,9262,169,218,32,,,1.0,,harmonized run_common,사후 재추정
거치식,,C2,4,-0.5967283378096422,0.553242940568763,0.2893620157976879,-1.7266011569763295,0.5331444813570452,6.1489206319284895,%,0.0009505402089881,8917,166,213,31,,,1.0,,harmonized run_common,사후 재추정
거치식,,C2,5,-0.7109415735710067,0.5615919492041597,0.2156103627020978,-1.8595260748664375,0.4376429277244242,7.368231619834242,%,-0.0336945669927725,8591,168,213,30,,,1.0,,harmonized run_common,사후 재추정
거치식,,C2,6,-0.948936315455074,0.5938955709342375,0.1213092573111301,-2.1654762444373308,0.2676036135271827,9.954189233389998,%,-0.022743009570212,8254,166,212,29,,,0.8491648011779113,,harmonized run_common,사후 재추정
거치식,,C2,7,-1.2153373357758035,0.664303710610739,0.0783903964104487,-2.578375961418005,0.1477012898663985,12.922745816472611,%,-0.0323554170912365,7906,165,210,28,,,0.7309697917471089,,harmonized run_common,사후 재추정
거치식,,C2,8,-1.4946641493955326,0.7354921223025636,0.05246723781858,-3.0064898586783766,0.0171615598873116,16.12144706989005,%,-0.0093760532785673,7575,165,210,27,,,0.6296068538229609,,harmonized run_common,사후 재추정
거치식,,C2,9,-1.6511199788174165,0.8628017834230759,0.0671781845088818,-3.428093515161542,0.125853557526709,17.952521563957703,%,0.0160505910256881,7279,164,208,26,,,0.7309697917471089,,harmonized run_common,사후 재추정
거치식,,C2,10,-1.4498787350710718,0.9280906555570412,0.1313279646407043,-3.3653637041356594,0.4656062339935161,15.60255516473874,%,0.0246057870165108,6940,162,204,25,,,0.8491648011779113,,harmonized run_common,사후 재추정
거치식,,C2,11,-1.8873572091140003,1.003255652272096,0.072659134162541,-3.9627496493825984,0.1880352311545974,20.7721734704138,%,0.003135519765553,6631,163,201,24,,,0.7309697917471089,,harmonized run_common,사후 재추정
거치식,,C2,12,-2.020729096892452,1.0463937768110845,0.0664517992497371,-4.190816969043334,0.1493587752584315,22.39372417422714,%,0.0255836262128335,6310,162,200,23,,,0.7309697917471089,,harmonized run_common,사후 재추정
거치식,,E23,-6,-1.5202446911715608,0.6903915640770244,0.0379613714272388,-2.9484284543686075,-0.0920609279745139,16.41887227538421,%,0.003608161248988,14071,141,607,24,,,,,harmonized run_common,사후 재추정
거치식,,E23,-5,-1.446712271836796,0.5400862160735066,0.0134118144896031,-2.563965732999682,-0.3294588106739098,15.565955835494316,%,0.0058496286752959,14143,140,608,24,,,,,harmonized run_common,사후 재추정
거치식,,E23,-4,-0.9759514745858656,0.4474671443751559,0.0396597031926451,-1.9016077882100115,-0.0502951609617202,10.251633820055272,%,-0.0254819107692916,14248,141,617,24,,,,,harmonized run_common,사후 재추정
거치식,,E23,-3,-0.8397072496339432,0.318024641228761,0.0146222881372521,-1.4975913440126072,-0.1818231552552791,8.759705389920613,%,-0.0067561845792852,14325,141,617,24,,,,,harmonized run_common,사후 재추정
거치식,,E23,-2,-0.5008792876474305,0.1905870152634754,0.0150323845815865,-0.8951385672192702,-0.1066200080755907,5.13635374089918,%,0.006777300705378,14408,140,614,24,,,,,harmonized run_common,사후 재추정
거치식,,E23,0,0.1849231931346889,0.1849963176784631,0.3279030493175552,-0.1977708473303638,0.5676172335997418,-1.8322385479132783,%,-0.0152001505759514,14941,141,627,24,,,,,harmonized run_common,사후 재추정
거치식,,E23,1,0.363903521862388,0.3237174945441071,0.2730706717629511,-0.3074454716820038,1.0352525154067798,-3.5736182480483936,%,0.0132030768195517,13790,140,613,23,,,1.0,,harmonized run_common,사후 재추정
거치식,,E23,2,0.4515978021340652,0.5895708086685543,0.4522143104938654,-0.774481814020354,1.6776774182884844,-4.415525544604105,%,-0.0080692780896923,13113,139,612,22,,,1.0,,harmonized run_common,사후 재추정
거치식,,E23,3,0.5615541994841382,0.6841369021786983,0.4214244524107439,-0.865530371386328,1.9886387703546045,-5.460780833399936,%,-0.0144066838096222,12430,139,607,21,,,1.0,,harmonized run_common,사후 재추정
거치식,,E23,4,0.3398135114088456,0.9056061363259618,0.7116431039906581,-1.5556419157411625,2.235268938558854,-3.341046973860018,%,-0.002391796849031,11750,135,598,20,,,1.0,,harmonized run_common,사후 재추정
거치식,,E23,5,0.0088889624954053,1.035272676125142,0.9932438081321244,-2.1661382204352275,2.1839161454260383,-0.0888501298301536,%,-0.0194980097529816,11110,136,591,19,,,1.0,,harmonized run_common,사후 재추정
거치식,,E23,6,-0.2627689411748763,1.280285382980055,0.8398201714068195,-2.9639349862584883,2.438397103908735,2.662517559320388,%,-0.0061625837477234,10459,135,581,18,,,1.0,,harmonized run_common,사후 재추정
거치식,,E23,7,-0.5030013934277399,1.4031441297740062,0.7246690476112779,-3.4775340697068517,2.471531282851372,5.158667154786101,%,-0.0089640202883862,9795,133,577,17,,,1.0,,harmonized run_common,사후 재추정
거치식,,E23,8,-1.4087735845939575,1.6385968571100542,0.4034620769291202,-4.901360111036859,2.083812941848944,15.128344415093052,%,-0.0258633570016953,9163,133,567,16,,,1.0,,harmonized run_common,사후 재추정
거치식,,E23,9,-1.5264750016294637,1.7882222149562097,0.4076804050105252,-5.3618302033064325,2.3088802000475046,16.491427446842888,%,-0.0321243203759156,8550,133,563,15,,,1.0,,harmonized run_common,사후 재추정
거치식,,E23,10,-1.4355785698418289,1.8360380876141271,0.4482869315275467,-5.402097706395273,2.530940566711616,15.437359745002087,%,-0.0755165075956012,7914,132,554,14,,,1.0,,harmonized run_common,사후 재추정
거치식,,E23,11,-1.8264236581331048,1.8103929715014555,0.3329545467846801,-5.770931091179853,2.118083774913644,20.038503258088717,%,-0.0115955958094371,7308,134,549,13,,,1.0,,harmonized run_common,사후 재추정
거치식,,E23,12,-1.6372818410067722,1.5314559533399106,0.3079233423119124,-5.007993667641909,1.733429985628364,17.789410123065117,%,-0.0059323587386644,6693,133,544,12,,,1.0,,harmonized run_common,사후 재추정
거치식,,EX,-6,-0.8417923752460135,0.9615696559526749,0.3885303617414246,-2.80842313857577,1.124838388083743,8.782385519111324,%,0.0202458609106037,16149,99,604,30,,,,,harmonized run_common,사후 재추정
거치식,,EX,-5,-0.4830603889159492,0.6644331717414247,0.4728454325512087,-1.8400139546163308,0.8738931767844322,4.949179148649097,%,0.004184934776605,16789,98,608,31,,,,,harmonized run_common,사후 재추정
거치식,,EX,-4,0.0940815807933818,0.5029773001305213,0.8528407689865025,-0.9317473860549784,1.1199105476417424,-0.936403982568923,%,-0.0230816411741743,17470,101,618,32,,,,,harmonized run_common,사후 재추정
거치식,,EX,-3,-0.1622475331148485,0.3026177473465655,0.5955647407513862,-0.7786597130078525,0.4541646467781553,1.6357089359345656,%,0.0032015086610869,18145,101,629,33,,,,,harmonized run_common,사후 재추정
거치식,,EX,-2,0.0295039598810632,0.1750852709676514,0.8672091516809668,-0.3267097022606861,0.3857176220228124,-0.2946047847160016,%,0.0097533043098259,18818,99,634,34,,,,,harmonized run_common,사후 재추정
거치식,,EX,0,0.0293519752969778,0.1612012019213935,0.8565989902903628,-0.298248282203191,0.3569522327971466,-0.2930894048980281,%,-0.0011082533171852,20042,101,649,35,,,,,harmonized run_common,사후 재추정
거치식,,EX,1,-0.0082695845645458,0.2252090806755193,0.9709298208958456,-0.466460904323392,0.4499217351943004,0.0827300480872539,%,-0.0066137432308647,18818,99,634,34,,,1.0,,harmonized run_common,사후 재추정
거치식,,EX,2,-0.1351026583683285,0.3872725900913161,0.7294818992276939,-0.9239511101334864,0.6537457933968296,1.360194186894459,%,-0.0010364200756647,18143,101,628,33,,,1.0,,harmonized run_common,사후 재추정
거치식,,EX,3,-0.106365362324284,0.5175998945987265,0.8385271446525124,-1.1620173072117503,0.9492865825631824,1.0693305280754295,%,0.0063560155786169,17470,101,618,32,,,1.0,,harmonized run_common,사후 재추정
거치식,,EX,4,-0.1404138615858012,0.6001962626758992,0.816615631690201,-1.3661781572237328,1.0853504340521305,1.414042944662297,%,0.0168314246318354,16783,99,608,31,,,1.0,,harmonized run_common,사후 재추정
거치식,,EX,5,-0.2847228301170495,0.7434133509751517,0.7045173009129521,-1.805173851888633,1.2357281916545342,2.88814929430139,%,-0.0007833597670742,16148,100,604,30,,,1.0,,harmonized run_common,사후 재추정
거치식,,EX,6,-0.7070122285795013,0.7803026548087062,0.3726279817045935,-2.3053897594514448,0.8913653022924422,7.326051225126884,%,0.0178293865052955,15507,99,598,29,,,1.0,,harmonized run_common,사후 재추정
거치식,,EX,7,-1.071292749307254,0.9095881549399492,0.2491626001330248,-2.937613483042039,0.7950279844275312,11.3078138278059,%,0.0260567925235936,14844,98,594,28,,,1.0,,harmonized run_common,사후 재추정
거치식,,EX,8,-1.5366829627756542,0.9169577080578828,0.1057541308232464,-3.42151652567913,0.3481506001278214,16.610402157497028,%,0.0076515825517321,14218,98,590,27,,,1.0,,harmonized run_common,사후 재추정
거치식,,EX,9,-1.5616272079902327,1.0617956811965912,0.153836452116966,-3.748436348561561,0.6251819325810959,16.901641089851882,%,0.0250498439606476,13612,98,583,26,,,1.0,,harmonized run_common,사후 재추정
거치식,,EX,10,-1.4871909624386204,1.1411360088149405,0.2048527426395182,-3.84237992965372,0.8679980047764797,16.03469975950469,%,-0.0035611790715113,12973,96,574,25,,,1.0,,harmonized run_common,사후 재추정
거치식,,EX,11,-1.6718772099850998,1.2026788059710962,0.1777982387080486,-4.159807874846902,0.8160534548767027,18.19761262223633,%,0.0251423651653541,12390,97,565,24,,,1.0,,harmonized run_common,사후 재추정
거치식,,EX,12,-1.970847420851691,1.2408960230019592,0.1265001597323534,-4.544308263024668,0.6026134213212855,21.784723924768823,%,0.0675791364041647,11776,96,559,23,,,1.0,,harmonized run_common,사후 재추정
거치식,,HOLD,-6,-0.2532617617040849,0.1142007708605152,0.0345686835383959,-0.4868285634224155,-0.0196949599857543,2.5326176170408496,%p,-0.0027223792384792,17669,170,604,30,,,,,harmonized run_common,사후 재추정
거치식,,HOLD,-5,-0.2180338436927499,0.091612432977883,0.0238706416151979,-0.4051313922182236,-0.0309362951672762,2.1803384369274994,%p,-0.0028499348706128,18376,169,608,31,,,,,harmonized run_common,사후 재추정
거치식,,HOLD,-4,-0.1171094984075186,0.0693609398237019,0.1013697787557756,-0.2585720678326509,0.0243530710176137,1.1710949840751863,%p,-0.0072544200430409,19116,174,618,32,,,,,harmonized run_common,사후 재추정
거치식,,HOLD,-3,-0.0731827200226016,0.0528095963954782,0.1753954065921309,-0.1807523477752217,0.0343869077300183,0.7318272002260169,%p,-0.0013833205173625,19844,172,629,33,,,,,harmonized run_common,사후 재추정
거치식,,HOLD,-2,-0.0253661823778226,0.0262036689220781,0.3400663801742352,-0.0786779476490885,0.0279455828934432,0.2536618237782266,%p,-7.854602219062166e-05,20576,170,634,34,,,,,harmonized run_common,사후 재추정
거치식,,HOLD,0,0.00066237572323,0.0199385915935678,0.9736927844374496,-0.0398577175663266,0.0411824690127868,-0.0066237572323005,%p,-0.0019533161376398,21977,174,649,35,,,,,harmonized run_common,사후 재추정
거치식,,HOLD,1,-0.0070527259476255,0.0353537475828789,0.8431034735994889,-0.0789804662271553,0.0648750143319042,0.0705272594762556,%p,-0.0004256263505475,20576,170,634,34,,,1.0,,harmonized run_common,사후 재추정
거치식,,HOLD,2,-0.0273067604315418,0.0549289726764727,0.6224969671058846,-0.1391934163982579,0.0845798955351742,0.2730676043154183,%p,-0.0030398893405649,19841,172,628,33,,,1.0,,harmonized run_common,사후 재추정
거치식,,HOLD,3,-0.0408726072446583,0.0660220112059264,0.540389864046121,-0.1755253868572796,0.0937801723679629,0.4087260724465839,%p,-0.0030215004474478,19114,173,618,32,,,1.0,,harmonized run_common,사후 재추정
거치식,,HOLD,4,-0.0564275432227816,0.0755463513928851,0.4609224054081416,-0.2107137758465255,0.0978586894009622,0.5642754322278167,%p,0.0025304057207766,18367,170,608,31,,,1.0,,harmonized run_common,사후 재추정
거치식,,HOLD,5,-0.0793369555796814,0.0865057803917238,0.3666397219975481,-0.2562611418526569,0.0975872306932941,0.7933695557968143,%p,-0.0028812339453039,17672,172,604,30,,,1.0,,harmonized run_common,사후 재추정
거치식,,HOLD,6,-0.1191898182450603,0.0909080389267199,0.2004740846566843,-0.3054064944291536,0.0670268579390329,1.1918981824506032,%p,-0.0017891152245845,16971,170,598,29,,,1.0,,harmonized run_common,사후 재추정
거치식,,HOLD,7,-0.1437144932950414,0.1063226224820712,0.1876930502979943,-0.3618704946959679,0.074441508105885,1.437144932950414,%p,-0.0043901498779506,16251,169,594,28,,,1.0,,harmonized run_common,사후 재추정
거치식,,HOLD,8,-0.1820169629720009,0.1075638402964357,0.102564704451864,-0.4031176032348053,0.0390836772908033,1.8201696297200096,%p,-0.0020906145576914,15562,169,590,27,,,1.0,,harmonized run_common,사후 재추정
거치식,,HOLD,9,-0.2117760292240726,0.1258665789607136,0.1049135983028047,-0.4710031010968294,0.047451042648684,2.117760292240727,%p,-0.0028244844395975,14911,168,583,26,,,1.0,,harmonized run_common,사후 재추정
거치식,,HOLD,10,-0.2149993655720593,0.1334441428354903,0.1202206421579875,-0.4904145400279124,0.0604158088837938,2.149993655720593,%p,-0.0045105611918908,14214,166,574,25,,,1.0,,harmonized run_common,사후 재추정
거치식,,HOLD,11,-0.2701399008719258,0.1409614402822626,0.0678217842740885,-0.5617408570874586,0.0214610553436069,2.701399008719258,%p,-0.0033378634583242,13572,167,565,24,,,0.746039627014974,,harmonized run_common,사후 재추정
거치식,,HOLD,12,-0.283871554356338,0.1438967065703627,0.0612211823993059,-0.5822950586727015,0.0145519499600255,2.83871554356338,%p,0.0033422736478895,12897,166,559,23,,,0.7346541887916717,,harmonized run_common,사후 재추정
거치식,,POS,-6,0.0170353046334912,0.0785914900066031,0.8299149014812162,-0.1437023403473897,0.1777729496143722,-0.1702080278924045,%,0.0014768793858104,9797,135,493,30,,,,,harmonized run_common,사후 재추정
거치식,,POS,-5,0.0097630192128483,0.065767068773694,0.8829822148967833,-0.1245512538753362,0.1440772923010329,-0.0975825493622406,%,0.0016967191085759,10388,138,508,31,,,,,harmonized run_common,사후 재추정
거치식,,POS,-4,0.0134613489068389,0.0484214660423186,0.7828553099817593,-0.085294882180697,0.112217579994375,-0.134522925752567,%,0.0002782524751164,11031,148,528,32,,,,,harmonized run_common,사후 재추정
거치식,,POS,-3,0.0190165236352767,0.0326796362015251,0.5647064236811752,-0.0475497169957556,0.0855827642663092,-0.1899845368278918,%,0.0030482389760652,11722,154,571,33,,,,,harmonized run_common,사후 재추정
거치식,,POS,-2,0.0072217048594383,0.0132242862190919,0.5886744463993037,-0.0196833077511527,0.0341267174700294,-0.0721909783599428,%,0.0011696704358062,12477,158,606,34,,,,,harmonized run_common,사후 재추정
거치식,,POS,0,0.000786216667773,0.0101094850784433,0.9384667374885646,-0.0197587288749227,0.0213311622104689,-0.0078618576175082,%,0.0017104656696011,13316,165,627,35,,,,,harmonized run_common,사후 재추정
거치식,,POS,1,0.002839059557931,0.0232755465929876,0.9036577462953588,-0.0445153960419971,0.0501935151578592,-0.0283865658310844,%,0.0010487200366694,12133,154,574,34,,,1.0,,harmonized run_common,사후 재추정
거치식,,POS,2,0.0146977726086998,0.0295764080305388,0.6226267403847064,-0.0455473990884857,0.0749429443058854,-0.1468697667257212,%,0.0007123766070648,11436,150,544,33,,,1.0,,harmonized run_common,사후 재추정
거치식,,POS,3,0.0198051800489045,0.0447025251422431,0.6608104461256118,-0.0713662210665738,0.1109765811643828,-0.1978558073213454,%,0.0019694143177259,10804,144,516,32,,,1.0,,harmonized run_common,사후 재추정
거치식,,POS,4,0.0282915177083554,0.0601356200949653,0.6414276179135255,-0.0945218028541874,0.1511048382708984,-0.2825153492431953,%,0.002650658432359,10183,138,500,31,,,1.0,,harmonized run_common,사후 재추정
거치식,,POS,5,0.0098698383335615,0.0687611194022321,0.886858020923104,-0.1307624412941098,0.1505021179612329,-0.0986496925015845,%,0.0009991812448507,9605,130,469,30,,,1.0,,harmonized run_common,사후 재추정
거치식,,POS,6,0.0217699083721022,0.0768386555104351,0.7790160137876311,-0.1356269423414177,0.1791667590856222,-0.2174622911286894,%,0.0024911331320939,9089,127,454,29,,,1.0,,harmonized run_common,사후 재추정
거치식,,POS,7,-0.0207702870344372,0.0921103429154567,0.8232934714705968,-0.2097650995118349,0.1682245254429604,0.2079187221737388,%,0.00615950635134,8575,123,441,28,,,1.0,,harmonized run_common,사후 재추정
거치식,,POS,8,-0.0025117790690633,0.0965326139237409,0.9794400684841216,-0.2009374087784597,0.195913850640333,0.0251209454718015,%,0.0024064073391503,8084,121,429,27,,,1.0,,harmonized run_common,사후 재추정
거치식,,POS,9,-0.0191661142414726,0.1056348927746077,0.8574873335820774,-0.2367252484267379,0.1983930199437927,0.1918449297798607,%,0.004946511826564,7626,119,417,26,,,1.0,,harmonized run_common,사후 재추정
거치식,,POS,10,0.0333132353585247,0.1146533623396137,0.7738867830713748,-0.2033196742600208,0.2699461449770703,-0.332578083415469,%,0.0012257685797591,7168,111,405,25,,,1.0,,harmonized run_common,사후 재추정
거치식,,POS,11,0.0351529614319514,0.1167293029213686,0.7660062997419305,-0.2063199994152484,0.2766259222791512,-0.350912472328202,%,0.0064569081656561,6761,104,377,24,,,1.0,,harmonized run_common,사후 재추정
거치식,,POS,12,0.0158457101773427,0.1219853541626913,0.8978271438598315,-0.237136430499397,0.2688278508540825,-0.158331624792396,%,0.0035387078492696,6344,102,359,23,,,1.0,,harmonized run_common,사후 재추정
거치식,,RAW,-6,-1.1743200840971932,0.6676008509474293,0.0891237391172077,-2.5397171335678923,0.191076965373506,12.46051636507155,%,0.0417098825532934,17669,170,604,30,,,,,harmonized run_common,사후 재추정
거치식,,RAW,-5,-1.0504738720015423,0.5114316136040703,0.0487808860690602,-2.0949565697468326,-0.0059911742562523,11.076324506880765,%,0.0394629331562386,18376,169,608,31,,,,,harmonized run_common,사후 재추정
거치식,,RAW,-4,-0.4688621816332703,0.3885136209426188,0.2366338961480889,-1.2612409356538987,0.3235165723873581,4.800275861680214,%,-0.0132818729956143,19116,174,618,32,,,,,harmonized run_common,사후 재추정
거치식,,RAW,-3,-0.3098067388415041,0.2971003577345084,0.3048699936898092,-0.9149803638648486,0.2953668861818403,3.146556947080548,%,0.0099411429919803,19844,172,629,33,,,,,harmonized run_common,사후 재추정
거치식,,RAW,-2,-0.0721723588759274,0.1522812321023934,0.6386626349074008,-0.3819908551026801,0.2376461373508253,0.7243342903559657,%,0.006252039917949,20576,170,634,34,,,,,harmonized run_common,사후 재추정
거치식,,RAW,0,-0.0102414361396139,0.1110879998673332,0.9270864892073184,-0.2359994139210894,0.2155165416418616,0.1024668228110536,%,-0.0056296115934713,21977,174,649,35,,,,,harmonized run_common,사후 재추정
거치식,,RAW,1,-0.1113850954637402,0.1936004977765986,0.5689674761428055,-0.5052682697840367,0.2824980788565562,1.1200773705736466,%,0.0101010740517538,20576,170,634,34,,,1.0,,harmonized run_common,사후 재추정
거치식,,RAW,2,-0.2164445704535806,0.3004512682074532,0.4765095960695744,-0.8284437767502161,0.3955546358430547,2.188039749861015,%,-0.0016890721166208,19841,172,628,33,,,1.0,,harmonized run_common,사후 재추정
거치식,,RAW,3,-0.2775079107101169,0.3595843190571771,0.4461081256855177,-1.010884964540526,0.4558691431202923,2.8139430965985035,%,0.0022354417354866,19114,173,618,32,,,1.0,,harmonized run_common,사후 재추정
거치식,,RAW,4,-0.3633353422891052,0.4125696190829844,0.3855005256765961,-1.2059149116489778,0.4792442270707674,3.700166436717223,%,0.0374634564836281,18367,170,608,31,,,1.0,,harmonized run_common,사후 재추정
거치식,,RAW,5,-0.5084205035893342,0.467754488759939,0.286015923985258,-1.4650858492417902,0.4482448420631217,5.215669238595533,%,0.0098421772566336,17672,172,604,30,,,1.0,,harmonized run_common,사후 재추정
거치식,,RAW,6,-0.7492408067972234,0.4898722842438739,0.1373702254021651,-1.752698692409925,0.2542170788154783,7.780232175880331,%,0.0360035079937907,16971,170,598,29,,,0.8242213524129911,,harmonized run_common,사후 재추정
거치식,,RAW,7,-0.9663452513675158,0.576710417123155,0.1053579273143713,-2.1496572843928794,0.2169667816578476,10.145774493145687,%,0.0277642334335817,16251,169,594,28,,,0.7826163122208127,,harmonized run_common,사후 재추정
거치식,,RAW,8,-1.1728891368466623,0.5921366306036732,0.0582877570142964,-2.390043412751313,0.0442651390579884,12.444425009724448,%,0.04785158530107,15562,169,590,27,,,0.6284243190588631,,harmonized run_common,사후 재추정
거치식,,RAW,9,-1.3103429212800004,0.6973301708414192,0.0719398938907995,-2.7465212921259465,0.1258354495659457,14.000687390334331,%,0.0546997947266955,14911,168,583,26,,,0.6474590450171961,,harmonized run_common,사후 재추정
거치식,,RAW,10,-1.2725504668876269,0.7387433683824256,0.0978270390276015,-2.797241842304357,0.2521409085291033,13.570663906414104,%,0.0405600450460322,14214,166,574,25,,,0.7826163122208127,,harmonized run_common,사후 재추정
거치식,,RAW,11,-1.5736681171874525,0.7793007650314336,0.0552545659261796,-3.1857745755751146,0.0384383412002096,17.042486072454267,%,0.0616292737196439,13572,167,565,24,,,0.6284243190588631,,harmonized run_common,사후 재추정
거치식,,RAW,12,-1.6504491243698711,0.8047242945620694,0.0523686932549052,-3.3193451659502125,0.0184469172104697,17.944608932002847,%,0.1109609265051968,12897,166,559,23,,,0.6284243190588631,,harmonized run_common,사후 재추정
거치식,1차 금속,업종_C1,-6,0.498902842589618,1.920717417112871,0.7968932569092253,-3.42940535305019,4.4272110382294265,-4.866620493263718,%,0.0251791162893281,767,19,11,30,,,,,harmonized run_common,사후 재추정 · 탐색적
거치식,1차 금속,업종_C1,-5,1.6379161837666691,1.487925330545241,0.2800349030226148,-1.4052328075445586,4.681065175077897,-15.108109745078249,%,0.0660545530572691,791,19,11,31,,,,,harmonized run_common,사후 재추정 · 탐색적
거치식,1차 금속,업종_C1,-4,1.5350695689183858,1.191162447178969,0.2076833613550323,-0.9011311766473726,3.971270314484144,-14.230520271186297,%,0.0849414283422023,814,19,11,32,,,,,harmonized run_common,사후 재추정 · 탐색적
거치식,1차 금속,업종_C1,-3,1.1123948613455263,0.7369627953910634,0.1420079769172281,-0.3948632929372553,2.619653015628308,-10.527555083067664,%,0.0882782260501489,842,19,11,33,,,,,harmonized run_common,사후 재추정 · 탐색적
거치식,1차 금속,업종_C1,-2,0.0706469157313651,0.0820294420047552,0.3961719687142957,-0.0971221305843659,0.2384159620470961,-0.7039795302282603,%,0.0102051230373734,869,19,11,34,,,,,harmonized run_common,사후 재추정 · 탐색적
거치식,1차 금속,업종_C1,0,-0.2726429657985151,0.1492649043654145,0.0780751449415727,-0.5779239727367642,0.0326380411397339,2.7639368445369072,%,-0.0037878389182205,925,19,11,35,,,,,harmonized run_common,사후 재추정 · 탐색적
거치식,1차 금속,업종_C1,1,-0.7577988584416296,0.5261220488176657,0.1604786974496442,-1.8338392680631088,0.3182415511798496,7.872510535717447,%,-0.0017146377632296,869,19,11,34,,,0.447246772567479,1.0,harmonized run_common,사후 재추정 · 탐색적
거치식,1차 금속,업종_C1,2,-1.4613161774581618,0.8336600855463486,0.0901877435128509,-3.16634249588044,0.243710140964116,15.734850562816272,%,-0.0201594631107518,844,19,11,33,,,0.447246772567479,1.0,harmonized run_common,사후 재추정 · 탐색적
거치식,1차 금속,업종_C1,3,-1.660379105629439,1.0852782110105217,0.1368749293260787,-3.880022272748909,0.5592640614900313,18.061785876253577,%,-0.1178320708834995,815,19,11,32,,,0.447246772567479,1.0,harmonized run_common,사후 재추정 · 탐색적
거치식,1차 금속,업종_C1,4,-2.193154012072009,1.554372845454803,0.1688954104033746,-5.372203430522328,0.9858954063783107,24.522395989808388,%,-0.0371008899337075,792,19,11,31,,,0.447246772567479,1.0,harmonized run_common,사후 재추정 · 탐색적
거치식,1차 금속,업종_C1,5,-3.1825551612157525,1.661102956640756,0.0652795948759541,-6.579892166771702,0.2147818443401972,37.47274813887109,%,-0.1288862505521783,768,19,11,30,,,0.447246772567479,1.0,harmonized run_common,사후 재추정 · 탐색적
거치식,1차 금속,업종_C1,6,-3.7735898523378246,1.9371613581535825,0.0615035920040049,-7.741685013189399,0.19450530851375,45.84277694421544,%,-0.154782439674933,738,19,11,29,,,0.447246772567479,1.0,harmonized run_common,사후 재추정 · 탐색적
거치식,1차 금속,업종_C1,7,-4.469683513123601,2.3517427951024428,0.0680827443128862,-9.295061147027434,0.3556941207802317,56.35648137289513,%,-0.0536290284180263,711,19,11,28,,,0.447246772567479,1.0,harmonized run_common,사후 재추정 · 탐색적
거치식,1차 금속,업종_C1,8,-4.9189456929619535,2.4579432045911087,0.0559058465709348,-9.97132030851118,0.1334289225872735,63.541168751037766,%,-0.1641036776570224,682,19,11,27,,,0.447246772567479,1.0,harmonized run_common,사후 재추정 · 탐색적
거치식,1차 금속,업종_C1,9,-6.454365788391383,2.557856030201892,0.0183533667215817,-11.72236889498468,-1.1863626817980857,90.68193245446072,%,-0.1373289209652022,655,19,11,26,,,0.1651803004942357,0.6056611018121978,harmonized run_common,사후 재추정 · 탐색적
거치식,1차 금속,업종_C1,10,-7.658652275469391,2.5449619930053737,0.0060694945551944,-12.911195672231171,-2.406108878707609,115.08545484071284,%,-0.1156571722001475,627,19,11,25,,,0.063586354783846,0.2063628148766113,harmonized run_common,사후 재추정 · 탐색적
거치식,1차 금속,업종_C1,11,-8.5602709468873,2.8134458084084324,0.0057805777076223,-14.380327029952976,-2.740214863821624,135.3790705397182,%,-0.0140087592400503,602,19,11,24,,,0.063586354783846,0.202320219766783,harmonized run_common,사후 재추정 · 탐색적
거치식,1차 금속,업종_C1,12,-9.60910605333522,2.84174961046037,0.0026879266962903,-15.502534036195732,-3.7156780704747048,161.40757813021693,%,-0.2199988160178659,578,19,11,23,,,0.0322551203554842,0.0967653610664528,harmonized run_common,사후 재추정 · 탐색적
거치식,기타 기계,업종_C1,-6,-0.9851356236912686,3.2488945603907067,0.7638854994173447,-7.629871082766042,5.659599835383505,10.352937076557,%,0.1618774057944449,776,19,19,30,,,,,harmonized run_common,사후 재추정 · 탐색적
거치식,기타 기계,업종_C1,-5,-0.9289056449861328,2.534355577082984,0.7165455272303323,-6.10475023453614,4.246938944563873,9.73416405642622,%,0.1188605756282235,809,19,18,31,,,,,harmonized run_common,사후 재추정 · 탐색적
거치식,기타 기계,업종_C1,-4,-0.8829388337952905,2.211020744859792,0.6923840432580548,-5.39234537319824,3.626467705607659,9.230908634863422,%,0.0871267649365698,842,19,20,32,,,,,harmonized run_common,사후 재추정 · 탐색적
거치식,기타 기계,업종_C1,-3,-0.5677682433623815,1.1455544978116017,0.623544085420641,-2.901186396705525,1.765649909980762,5.8419570544792965,%,-9.82146270525702e-05,875,19,20,33,,,,,harmonized run_common,사후 재추정 · 탐색적
거치식,기타 기계,업종_C1,-2,-0.2694005983295727,0.5148228128507419,0.6042702652721266,-1.316815486550305,0.7780142898911597,2.7306224011316216,%,0.0853398606213109,901,19,20,34,,,,,harmonized run_common,사후 재추정 · 탐색적
거치식,기타 기계,업종_C1,0,0.066929539447895,0.4139852123334186,0.8725216079369159,-0.7743896352554248,0.9082487141512148,-0.6670606014221647,%,0.0343098352671755,990,19,21,35,,,,,harmonized run_common,사후 재추정 · 탐색적
거치식,기타 기계,업종_C1,1,0.0439349153058717,1.0287547325025093,0.9661925507877152,-2.049082325293885,2.136952155905629,-0.438385426558574,%,0.0532519564992038,901,19,20,34,,,1.0,1.0,harmonized run_common,사후 재추정 · 탐색적
거치식,기타 기계,업종_C1,2,0.8582407424989447,1.8514548493786025,0.646108288489457,-2.91304937411123,4.62953085910912,-8.22443261258855,%,0.0219012227333638,874,19,20,33,,,1.0,1.0,harmonized run_common,사후 재추정 · 탐색적
거치식,기타 기계,업종_C1,3,0.7529605043403773,2.3209370822379256,0.7477984236183194,-3.980621883123919,5.486542891804674,-7.253113188082461,%,0.0192670373298346,840,19,20,32,,,1.0,1.0,harmonized run_common,사후 재추정 · 탐색적
거치식,기타 기계,업종_C1,4,0.1065263080833669,2.628989783008087,0.9679471389869574,-5.262587113651418,5.475639729818151,-1.0596092475521734,%,0.0717332165350133,806,19,18,31,,,1.0,1.0,harmonized run_common,사후 재추정 · 탐색적
거치식,기타 기계,업종_C1,5,-2.42466788545159,2.946953479426516,0.4173526659841989,-8.45186449556081,3.60252872465763,27.43889241503796,%,0.0964264788937192,774,19,19,30,,,1.0,1.0,harmonized run_common,사후 재추정 · 탐색적
거치식,기타 기계,업종_C1,6,-3.694321451532593,2.956131692722294,0.2217492160760261,-9.749682722992208,2.3610398199270204,44.69127449190376,%,0.1791909784871067,744,19,19,29,,,1.0,1.0,harmonized run_common,사후 재추정 · 탐색적
거치식,기타 기계,업종_C1,7,-5.427133319295369,3.295601759574889,0.111194910908858,-12.189149579757249,1.3348829411665104,72.06692808796262,%,0.1941202040732915,717,19,19,28,,,0.7783643763620065,1.0,harmonized run_common,사후 재추정 · 탐색적
거치식,기타 기계,업종_C1,8,-7.534078218034435,3.8559846882712954,0.061554236125737,-15.460168259732246,0.3920118236633749,112.42266820274068,%,0.0748937467114087,689,19,19,27,,,0.602880516814579,1.0,harmonized run_common,사후 재추정 · 탐색적
거치식,기타 기계,업종_C1,9,-8.232218113735414,4.160039569147109,0.058945266960396,-16.7999799873731,0.3355437599022739,127.78267563699882,%,0.3002049508008778,666,19,19,26,,,0.602880516814579,1.0,harmonized run_common,사후 재추정 · 탐색적
거치식,기타 기계,업종_C1,10,-7.368222919623896,3.9833084764229447,0.0766980573150651,-15.58936755463393,0.8529217153861364,108.92858143620488,%,0.0954612942781485,629,18,18,25,,,0.6135844585205213,1.0,harmonized run_common,사후 재추정 · 탐색적
거치식,기타 기계,업종_C1,11,-8.4741836833684,4.1881630210185525,0.0548073197104162,-17.138058990474065,0.1896916237372625,133.36145354923593,%,0.2019749239946824,600,18,18,24,,,0.602880516814579,1.0,harmonized run_common,사후 재추정 · 탐색적
거치식,기타 기계,업종_C1,12,-9.838642656384335,4.516752698922206,0.0403854382268291,-19.20581443306192,-0.4714708797067555,167.47723278412528,%,0.292229674541606,565,18,17,23,,,0.4846252587219498,1.0,harmonized run_common,사후 재추정 · 탐색적
거치식,도매·상품중개,업종_C1,-6,-1.191165685865025,0.8847095856582525,0.1886062864206367,-3.000599955132225,0.6182685834021755,12.650122529059391,%,-0.0448349050223983,2323,19,80,30,,,,,harmonized run_common,사후 재추정 · 탐색적
거치식,도매·상품중개,업종_C1,-5,-1.070020459322428,0.7883604704166814,0.1848184831893647,-2.6800673336911034,0.5400264150462473,11.293653146973014,%,-0.0323134168530478,2410,18,81,31,,,,,harmonized run_common,사후 재추정 · 탐색적
거치식,도매·상품중개,업종_C1,-4,-1.1492490155765032,0.6542522560774052,0.0888641457158035,-2.4836052891815577,0.1851072580285513,12.178918978774146,%,-0.0319806049241601,2521,20,81,32,,,,,harmonized run_common,사후 재추정 · 탐색적
거치식,도매·상품중개,업종_C1,-3,-0.269730161766444,0.5974557594804842,0.6546996631750592,-1.486707719494521,0.947247395961633,2.7340080826202096,%,-0.0379512094455396,2620,20,83,33,,,,,harmonized run_common,사후 재추정 · 탐색적
거치식,도매·상품중개,업종_C1,-2,-0.1618627897770306,0.1541401665550812,0.301301257252049,-0.4754633165847323,0.151737737030671,1.6317986449682076,%,-0.0031053222342983,2704,19,83,34,,,,,harmonized run_common,사후 재추정 · 탐색적
거치식,도매·상품중개,업종_C1,0,0.0118147876369194,0.0948509384470157,0.9016041531488216,-0.1809455112256612,0.2045750864995001,-0.1180781092445681,%,-0.0139904566198783,2863,20,85,35,,,,,harmonized run_common,사후 재추정 · 탐색적
거치식,도매·상품중개,업종_C1,1,0.0752685769024723,0.3811934290356554,0.8446826568677056,-0.7002752857577373,0.850812439562682,-0.7498601833949903,%,-0.033303930203366,2704,19,83,34,,,1.0,1.0,harmonized run_common,사후 재추정 · 탐색적
거치식,도매·상품중개,업종_C1,2,0.0820039120155627,0.5398651297168874,0.880221785654571,-1.017665371676178,1.1816731957073034,-0.8166859713335084,%,-0.0497000800399376,2617,20,83,33,,,1.0,1.0,harmonized run_common,사후 재추정 · 탐색적
거치식,도매·상품중개,업종_C1,3,-0.0757428883678933,0.6673382989104514,0.9103660467266944,-1.436788322291065,1.2853025455552782,0.7603046322463891,%,0.0097320178655489,2521,20,81,32,,,1.0,1.0,harmonized run_common,사후 재추정 · 탐색적
거치식,도매·상품중개,업종_C1,4,0.3086909589339157,0.8774608425033759,0.7274472116944367,-1.4833231511936071,2.1007050690614384,-3.0397510283428297,%,0.0215360958375607,2412,18,81,31,,,1.0,1.0,harmonized run_common,사후 재추정 · 탐색적
거치식,도매·상품중개,업종_C1,5,0.6882507018010944,1.019189483589031,0.5048393791234903,-1.3962258409851145,2.772727244587303,-6.651003897281582,%,0.0042179862572868,2328,19,80,30,,,1.0,1.0,harmonized run_common,사후 재추정 · 탐색적
거치식,도매·상품중개,업종_C1,6,0.7086965701272053,1.1109361585276245,0.5287039955291309,-1.5669529910793552,2.9843461313337656,-6.841669043406706,%,0.0065465939600905,2237,19,78,29,,,1.0,1.0,harmonized run_common,사후 재추정 · 탐색적
거치식,도매·상품중개,업종_C1,7,0.7190596109101289,1.1207756239039317,0.5265598660184683,-1.5805820163431883,3.018701238163446,-6.938159396395482,%,-0.0832526534861081,2136,18,77,28,,,1.0,1.0,harmonized run_common,사후 재추정 · 탐색적
거치식,도매·상품중개,업종_C1,8,0.6871282321022337,1.1024854331292142,0.5385471550946839,-1.579063031369805,2.9533194955742728,-6.6405251672353005,%,0.0051937091470742,2056,19,77,27,,,1.0,1.0,harmonized run_common,사후 재추정 · 탐색적
거치식,도매·상품중개,업종_C1,9,0.2309641693071107,1.242945152466175,0.8540853387810342,-2.3289292911548016,2.790857629769023,-2.2831736333627672,%,0.0655446443628736,1971,18,77,26,,,1.0,1.0,harmonized run_common,사후 재추정 · 탐색적
거치식,도매·상품중개,업종_C1,10,-0.080447575667186,1.3206770922382312,0.9519322158459822,-2.806191126712753,2.645295975378381,0.8077203577274927,%,0.0005505551844396,1872,17,76,25,,,1.0,1.0,harmonized run_common,사후 재추정 · 탐색적
거치식,도매·상품중개,업종_C1,11,-0.369509401600451,1.3565728163298072,0.7877568217241374,-3.175794082188709,2.436775278987807,3.764211303340703,%,-0.0052703422794047,1792,18,76,24,,,1.0,1.0,harmonized run_common,사후 재추정 · 탐색적
거치식,도매·상품중개,업종_C1,12,-0.6014395096978958,1.3288103466111585,0.6552577941310536,-3.35722349988699,2.154344480491198,6.198940994814639,%,0.1362798218030021,1702,18,76,23,,,1.0,1.0,harmonized run_common,사후 재추정 · 탐색적
거치식,1차 금속,업종_HOLD,-6,0.0899364441512211,0.3256058583516285,0.784343734516139,-0.5760023090015919,0.7558751973040342,-0.8993644415122117,%p,0.0041002256408608,767,19,11,30,,,,,harmonized run_common,사후 재추정 · 탐색적
거치식,1차 금속,업종_HOLD,-5,0.2958804012409709,0.2639601650695745,0.2715152980841528,-0.2439787527015643,0.8357395551835062,-2.958804012409709,%p,0.0101664738845351,791,19,11,31,,,,,harmonized run_common,사후 재추정 · 탐색적
거치식,1차 금속,업종_HOLD,-4,0.2591626362263201,0.2208821604933117,0.2502196599677327,-0.1925921058329143,0.7109173782855547,-2.5916263622632014,%p,0.0133049418736145,814,19,11,32,,,,,harmonized run_common,사후 재추정 · 탐색적
거치식,1차 금속,업종_HOLD,-3,0.1727660014424339,0.1769831927685793,0.3370525628349566,-0.189205270567151,0.5347372734520188,-1.727660014424339,%p,0.0166455773398659,842,19,11,33,,,,,harmonized run_common,사후 재추정 · 탐색적
거치식,1차 금속,업종_HOLD,-2,0.0762677836488409,0.1113934489456138,0.4989879221988146,-0.1515574000741245,0.3040929673718064,-0.7626778364884096,%p,0.0069934239670403,869,19,11,34,,,,,harmonized run_common,사후 재추정 · 탐색적
거치식,1차 금속,업종_HOLD,0,-0.1187618810770075,0.075204303990075,0.1251395814373907,-0.2725719528134678,0.0350481906594528,1.1876188107700751,%p,-0.0056990557927567,925,19,11,35,,,,,harmonized run_common,사후 재추정 · 탐색적
거치식,1차 금속,업종_HOLD,1,-0.1550749354425794,0.1262373568772618,0.2291585620615863,-0.4132593196724401,0.1031094487872813,1.550749354425794,%p,0.0007005170630647,869,19,11,34,,,0.5574504355312935,1.0,harmonized run_common,사후 재추정 · 탐색적
거치식,1차 금속,업종_HOLD,2,-0.302216251288385,0.1755354792155409,0.0957795275112699,-0.6612266166259784,0.0567941140492084,3.02216251288385,%p,-0.0090134386595168,844,19,11,33,,,0.5574504355312935,1.0,harmonized run_common,사후 재추정 · 탐색적
거치식,1차 금속,업종_HOLD,3,-0.3663455216097963,0.2273962818630808,0.118002319519114,-0.8314231377869326,0.09873209456734,3.6634552160979625,%p,-0.0222463915482802,815,19,11,32,,,0.5574504355312935,1.0,harmonized run_common,사후 재추정 · 탐색적
거치식,1차 금속,업종_HOLD,4,-0.4920226488322368,0.3147254427355503,0.1288208977309169,-1.1357084534483233,0.1516631557838496,4.920226488322369,%p,-0.0097967016744542,792,19,11,31,,,0.5574504355312935,1.0,harmonized run_common,사후 재추정 · 탐색적
거치식,1차 금속,업종_HOLD,5,-0.6389366542750597,0.3378637274399596,0.0686376154116589,-1.3299455646367098,0.0520722560865902,6.389366542750598,%p,-0.0263619715350473,768,19,11,30,,,0.5491009232932715,1.0,harmonized run_common,사후 재추정 · 탐색적
거치식,1차 금속,업종_HOLD,6,-0.7479624343629769,0.4073073758612162,0.0769438660360934,-1.5822937719829722,0.0863689032570184,7.479624343629769,%p,-0.0296357788141636,738,19,11,29,,,0.5491009232932715,1.0,harmonized run_common,사후 재추정 · 탐색적
거치식,1차 금속,업종_HOLD,7,-0.8341899148035741,0.4886667274328671,0.0992853230866837,-1.8368512185388843,0.1684713889317362,8.341899148035742,%p,-0.0155146355664878,711,19,11,28,,,0.5574504355312935,1.0,harmonized run_common,사후 재추정 · 탐색적
거치식,1차 금속,업종_HOLD,8,-0.9248198421161654,0.5301760261240777,0.0929084059218822,-2.0146122714769,0.1649725872445694,9.248198421161655,%p,-0.0332998581683182,682,19,11,27,,,0.5574504355312935,1.0,harmonized run_common,사후 재추정 · 탐색적
거치식,1차 금속,업종_HOLD,9,-1.1636267966143163,0.5664911751856971,0.0505634002031899,-2.3303372117037817,0.0030836184751488,11.636267966143164,%p,-0.027832891078157,655,19,11,26,,,0.4550706018287098,1.0,harmonized run_common,사후 재추정 · 탐색적
거치식,1차 금속,업종_HOLD,10,-1.3950114022138993,0.563468210588983,0.0207417131309903,-2.5579526315716183,-0.2320701728561804,13.950114022138994,%p,-0.0250206584456607,627,19,11,25,,,0.2074171313099038,0.705218246453673,harmonized run_common,사후 재추정 · 탐색적
거치식,1차 금속,업종_HOLD,11,-1.5542869331266655,0.6039428894042335,0.0169839557736663,-2.8036379875512027,-0.3049358787021281,15.542869331266656,%p,-0.0109379660476866,602,19,11,24,,,0.1868235135103296,0.5944384520783217,harmonized run_common,사후 재추정 · 탐색적
거치식,1차 금속,업종_HOLD,12,-1.7165032982179391,0.5891832493147412,0.0080544100950908,-2.938394571031964,-0.494612025403915,17.165032982179397,%p,-0.0414990412533561,578,19,11,23,,,0.0966529211410897,0.2899587634232691,harmonized run_common,사후 재추정 · 탐색적
거치식,기타 기계,업종_HOLD,-6,-0.2120605263931573,0.4588152399131117,0.647392907408701,-1.1504430553256817,0.7263220025393669,2.1206052639315733,%p,0.0191214854116556,776,19,19,30,,,,,harmonized run_common,사후 재추정 · 탐색적
거치식,기타 기계,업종_HOLD,-5,-0.168733894001275,0.3591149122826602,0.6418523335472602,-0.902144388003187,0.5646766000006369,1.6873389400127503,%p,0.0158862113490318,809,19,18,31,,,,,harmonized run_common,사후 재추정 · 탐색적
거치식,기타 기계,업종_HOLD,-4,-0.1501581881219104,0.3220339806300957,0.6442747503897895,-0.8069508218135514,0.5066344455697304,1.5015818812191049,%p,0.0094553437718277,842,19,20,32,,,,,harmonized run_common,사후 재추정 · 탐색적
거치식,기타 기계,업종_HOLD,-3,-0.0867993120275289,0.1820051982643347,0.6366701391923014,-0.457531769055219,0.2839331450001611,0.8679931202752896,%p,-0.0039238280248143,875,19,20,33,,,,,harmonized run_common,사후 재추정 · 탐색적
거치식,기타 기계,업종_HOLD,-2,-0.0579940101713915,0.1008386487457425,0.5691130829167123,-0.2631517836187252,0.147163763275942,0.5799401017139159,%p,0.0112888742352394,901,19,20,34,,,,,harmonized run_common,사후 재추정 · 탐색적
거치식,기타 기계,업종_HOLD,0,0.0327073045837231,0.0835521258962348,0.6979000332623416,-0.1370910445107228,0.2025056536781692,-0.3270730458372319,%p,0.0048082535961529,990,19,21,35,,,,,harmonized run_common,사후 재추정 · 탐색적
거치식,기타 기계,업종_HOLD,1,0.0373242240482619,0.1843446857837973,0.8407926239055238,-0.3377278591823653,0.4123763072788892,-0.3732422404826193,%p,0.0029977937851282,901,19,20,34,,,1.0,1.0,harmonized run_common,사후 재추정 · 탐색적
거치식,기타 기계,업종_HOLD,2,0.148407535728633,0.3217634331863633,0.6477521235148807,-0.507003130034867,0.8038182014921331,-1.4840753572863303,%p,-0.001399857303589,874,19,20,33,,,1.0,1.0,harmonized run_common,사후 재추정 · 탐색적
거치식,기타 기계,업종_HOLD,3,0.1524097007807064,0.418781876522131,0.7183764864199814,-0.7017015674933001,1.006520969054713,-1.5240970078070646,%p,0.0009698424299887,840,19,20,32,,,1.0,1.0,harmonized run_common,사후 재추정 · 탐색적
거치식,기타 기계,업종_HOLD,4,0.0429387954346164,0.4794192736655837,0.9292288309815888,-0.9361659821925504,1.0220435730617834,-0.4293879543461646,%p,0.0053168908773483,806,19,18,31,,,1.0,1.0,harmonized run_common,사후 재추정 · 탐색적
거치식,기타 기계,업종_HOLD,5,-0.2983558236582618,0.5225159170833518,0.5723993670108567,-1.367020865763287,0.7703092184467631,2.9835582365826188,%p,0.0069866126454595,774,19,19,30,,,1.0,1.0,harmonized run_common,사후 재추정 · 탐색적
거치식,기타 기계,업종_HOLD,6,-0.4519808018189805,0.5240732904093267,0.3957732400653515,-1.525496272717579,0.6215346690796177,4.5198080181898055,%p,0.0181780639700691,744,19,19,29,,,1.0,1.0,harmonized run_common,사후 재추정 · 탐색적
거치식,기타 기계,업종_HOLD,7,-0.6694511361757376,0.5551553578417134,0.2383249354830228,-1.8085358407828975,0.4696335684314225,6.694511361757376,%p,0.0221232512826334,717,19,19,28,,,1.0,1.0,harmonized run_common,사후 재추정 · 탐색적
거치식,기타 기계,업종_HOLD,8,-0.9654214059559936,0.6269760453490109,0.1356910740615284,-2.2541891244947747,0.3233463125827875,9.654214059559935,%p,0.0086314799120084,689,19,19,27,,,1.0,1.0,harmonized run_common,사후 재추정 · 탐색적
거치식,기타 기계,업종_HOLD,9,-1.0774328091653842,0.6427168818832015,0.1061282312055074,-2.401133005909225,0.2462673875784564,10.774328091653842,%p,0.0386863383397428,666,19,19,26,,,1.0,1.0,harmonized run_common,사후 재추정 · 탐색적
거치식,기타 기계,업종_HOLD,10,-0.9601207887526192,0.6232047108098587,0.1364923396893637,-2.246352094992896,0.3261105174876572,9.601207887526192,%p,0.0152309214310503,629,18,18,25,,,1.0,1.0,harmonized run_common,사후 재추정 · 탐색적
거치식,기타 기계,업종_HOLD,11,-1.0689482777300328,0.6229429094782221,0.0996100500464551,-2.357603868278741,0.2197073128186757,10.689482777300327,%p,0.0202037563634871,600,18,18,24,,,1.0,1.0,harmonized run_common,사후 재추정 · 탐색적
거치식,기타 기계,업종_HOLD,12,-1.2646153115279508,0.685765761983882,0.0786799367473707,-2.6868064561970053,0.1575758331411036,12.64615311527951,%p,0.0472452032085523,565,18,17,23,,,0.944159240968449,1.0,harmonized run_common,사후 재추정 · 탐색적
거치식,도매·상품중개,업종_HOLD,-6,-0.1818255434015604,0.1731705140612181,0.3023990401952001,-0.5359990119029219,0.172347925099801,1.8182554340156043,%p,-0.0084769921025571,2323,19,80,30,,,,,harmonized run_common,사후 재추정 · 탐색적
거치식,도매·상품중개,업종_HOLD,-5,-0.1653016492469406,0.1583443807560939,0.3048537826676916,-0.488684016675187,0.1580807181813058,1.6530164924694062,%p,-0.0058778919666709,2410,18,81,31,,,,,harmonized run_common,사후 재추정 · 탐색적
거치식,도매·상품중개,업종_HOLD,-4,-0.2170184314996822,0.1360939206844979,0.1209427742924381,-0.494583812708522,0.0605469497091576,2.170184314996822,%p,-0.0040545411248954,2521,20,81,32,,,,,harmonized run_common,사후 재추정 · 탐색적
거치식,도매·상품중개,업종_HOLD,-3,-0.0249072210531046,0.1312962729606512,0.8507405370725664,-0.2923489773186941,0.2425345352124847,0.249072210531047,%p,-0.0053183527252766,2620,20,83,33,,,,,harmonized run_common,사후 재추정 · 탐색적
거치식,도매·상품중개,업종_HOLD,-2,-0.0252108751078193,0.0470837299445071,0.595930743087623,-0.1210034439408925,0.0705816937252539,0.2521087510781931,%p,-0.0009390730187863,2704,19,83,34,,,,,harmonized run_common,사후 재추정 · 탐색적
거치식,도매·상품중개,업종_HOLD,0,-0.0190999362127768,0.027228232120992,0.4877803606000407,-0.0744343614390911,0.0362344890135374,0.1909993621277685,%p,-0.0038588622868799,2863,20,85,35,,,,,harmonized run_common,사후 재추정 · 탐색적
거치식,도매·상품중개,업종_HOLD,1,0.0085760570929468,0.0740210173503527,0.9084658726125868,-0.1420208350391087,0.1591729492250025,-0.0857605709294686,%p,-0.0056035690829092,2704,19,83,34,,,1.0,1.0,harmonized run_common,사후 재추정 · 탐색적
거치식,도매·상품중개,업종_HOLD,2,0.0047168895926288,0.0947379204239547,0.9606001517723476,-0.1882579394089944,0.1976917185942521,-0.0471688959262883,%p,-0.0095158649678506,2617,20,83,33,,,1.0,1.0,harmonized run_common,사후 재추정 · 탐색적
거치식,도매·상품중개,업종_HOLD,3,-0.0282658763878458,0.1232561244431918,0.820121611681422,-0.2796483995404445,0.2231166467647529,0.2826587638784583,%p,0.0010451548721052,2521,20,81,32,,,1.0,1.0,harmonized run_common,사후 재추정 · 탐색적
거치식,도매·상품중개,업종_HOLD,4,0.081807970714889,0.1682063549657739,0.6302497075839748,-0.26171523500654,0.4253311764363181,-0.8180797071488903,%p,0.0043205063225504,2412,18,81,31,,,1.0,1.0,harmonized run_common,사후 재추정 · 탐색적
거치식,도매·상품중개,업종_HOLD,5,0.1567411052676078,0.1947560785578768,0.4274801191352504,-0.2415797995844874,0.5550620101197032,-1.567411052676079,%p,-0.0012981292052909,2328,19,80,30,,,1.0,1.0,harmonized run_common,사후 재추정 · 탐색적
거치식,도매·상품중개,업종_HOLD,6,0.1767190514949355,0.2175790159695289,0.423525083849284,-0.2689713587218291,0.6224094617117002,-1.7671905149493554,%p,0.0001145872596398,2237,19,78,29,,,1.0,1.0,harmonized run_common,사후 재추정 · 탐색적
거치식,도매·상품중개,업종_HOLD,7,0.1806823587038758,0.2277856681455464,0.4345698111322452,-0.2866952264140074,0.6480599438217591,-1.8068235870387583,%p,-0.0158191353117179,2136,18,77,28,,,1.0,1.0,harmonized run_common,사후 재추정 · 탐색적
거치식,도매·상품중개,업종_HOLD,8,0.1904757076609528,0.2206651416550454,0.3959265606851782,-0.2631079870932928,0.6440594024151984,-1.904757076609528,%p,-0.0016222330050107,2056,19,77,27,,,1.0,1.0,harmonized run_common,사후 재추정 · 탐색적
거치식,도매·상품중개,업종_HOLD,9,0.0852449206551511,0.2472403590926682,0.7331393583395515,-0.4239561306927684,0.5944459720030706,-0.8524492065515112,%p,0.0099264608484933,1971,18,77,26,,,1.0,1.0,harmonized run_common,사후 재추정 · 탐색적
거치식,도매·상품중개,업종_HOLD,10,0.0285301111924899,0.2514031080736879,0.910591194209887,-0.4903404019496094,0.5474006243345892,-0.2853011119248996,%p,0.0008086565714186,1872,17,76,25,,,1.0,1.0,harmonized run_common,사후 재추정 · 탐색적
거치식,도매·상품중개,업종_HOLD,11,0.0107633697455753,0.271744170051219,0.9687470872486592,-0.551382275717887,0.5729090152090377,-0.1076336974557533,%p,-0.0010840011898347,1792,18,76,24,,,1.0,1.0,harmonized run_common,사후 재추정 · 탐색적
거치식,도매·상품중개,업종_HOLD,12,-0.0256618552696357,0.2760993777477258,0.9267890607825984,-0.5982569188457041,0.5469332083064327,0.2566185526963573,%p,0.01759648967019,1702,18,76,23,,,1.0,1.0,harmonized run_common,사후 재추정 · 탐색적
요구불,,C1,-6,0.0068878732598758,0.1389920838054304,0.960816058766496,-0.2773828565607834,0.291158603080535,-0.0688550166451307,%,0.0166436061720734,193323,980,8537,30,0.0068896453112664,0.1398292003292284,,,harmonized run_common,사후 재추정
요구불,,C1,-5,-0.0253596662649875,0.1203517437383964,0.8345360223315773,-0.2711507175697395,0.2204313850397643,0.2539184909775338,%,0.0136441311059311,201585,987,8677,31,,,,,harmonized run_common,사후 재추정
요구불,,C1,-4,-0.0175811848722353,0.0822106565207845,0.8320602800060403,-0.185250924283452,0.1500885545389813,0.175966488364776,%,0.0049782153419306,211229,997,8905,32,,,,,harmonized run_common,사후 재추정
요구불,,C1,-3,-0.0302942323194467,0.0784577809919772,0.7019621064390538,-0.1901075024758954,0.1295190378370019,0.3034016571722642,%,0.0166731160981132,220317,1001,9058,33,,,,,harmonized run_common,사후 재추정
요구불,,C1,-2,-0.0565244454221902,0.0475014767035722,0.2425562973080151,-0.1531669264270413,0.0401180355826608,0.5668449748841287,%,0.017513676587432,228822,1001,9149,34,-0.0565242399601376,0.0465805228072836,,,harmonized run_common,사후 재추정
요구불,,C1,0,0.0137440538940676,0.0441201762468577,0.757312054193374,-0.0759189320337389,0.1034070398218743,-0.1373461326877323,%,0.0264517328685253,246418,1019,9426,35,0.0137444625658411,0.0432952745740014,,,harmonized run_common,사후 재추정
요구불,,C1,1,0.0938121765407124,0.0819182965097328,0.2603673776055356,-0.0728518508493297,0.2604762039307546,-0.9337351312139086,%,0.0091839339101706,228822,1001,9149,34,,,0.2603673776055356,,harmonized run_common,사후 재추정
요구불,,C1,2,0.1965183912138334,0.0790186196215206,0.0182878950161048,0.0355627301525675,0.3574740522750994,-1.9460000447152348,%,0.0109848736096415,220305,1000,9059,33,,,0.0856822221978257,,harmonized run_common,사후 재추정
요구불,,C1,3,0.2094634953849696,0.0839977006510061,0.0181867783048468,0.0381490554408622,0.3807779353290771,-2.07284984718753,%,0.0214862196122351,211247,996,8916,32,,,0.0856822221978257,,harmonized run_common,사후 재추정
요구불,,C1,4,0.2714801491516831,0.1033807147773901,0.0134695063590665,0.0603485628490849,0.4826117354542814,-2.6782819795380552,%,0.0125993987029329,201603,988,8678,31,,,0.0856822221978257,,harmonized run_common,사후 재추정
요구불,,C1,5,0.2828461429592674,0.114674863452655,0.0197952156703042,0.048309713018377,0.5173825729001578,-2.7888349448569327,%,0.0132747087101246,193397,982,8541,30,,,0.0856822221978257,,harmonized run_common,사후 재추정
요구불,,C1,6,0.3635372155372758,0.113492621667047,0.003377837842332,0.1310581187734308,0.5960163123011208,-3.570086024000652,%,0.0230424380511016,184846,974,8362,29,0.3635373603542402,0.1145981348129882,0.03377837842332,,harmonized run_common,사후 재추정
요구불,,C1,7,0.4385828250008847,0.1147975413323342,0.0007102179582693,0.2030377264782945,0.674127923523475,-4.29104157944561,%,0.0190143208461655,175944,970,8149,28,,,0.0078123975409632,,harmonized run_common,사후 재추정
요구불,,C1,8,0.4864300978514872,0.1211752636962239,0.000450425161864,0.2373507760885859,0.7355094196143885,-4.747889027426588,%,0.0152585387490263,168143,960,8039,27,,,0.0054051019423691,,harmonized run_common,사후 재추정
요구불,,C1,9,0.4086678841409016,0.1443027090133166,0.0090056728220801,0.1114708916612353,0.705864876620568,-4.004300117497939,%,0.0200547567288113,160179,952,7928,26,,,0.0720453825766411,,harmonized run_common,사후 재추정
요구불,,C1,10,0.4210820850333808,0.1554161794318768,0.0122403174568322,0.1003188558502072,0.7418453142165544,-4.123397167782816,%,0.0134862467533771,152033,943,7753,25,,,0.0856822221978257,,harmonized run_common,사후 재추정
요구불,,C1,11,0.4738120545777266,0.1504010500515802,0.0044790295197971,0.1626837777735088,0.7849403313819444,-4.627623641874445,%,0.0150056450882985,144895,935,7635,24,,,0.0403112656781746,,harmonized run_common,사후 재추정
요구불,,C1,12,0.4310317073003383,0.1620502976800596,0.014308003985808,0.0949599592958324,0.7671034553048443,-4.218743325246566,%,0.0107641365787123,137190,930,7497,23,0.4310314876478317,0.1646863180041609,0.0856822221978257,,harmonized run_common,사후 재추정
요구불,,C2,-6,-0.0306696238601543,0.1692097710108135,0.8574305854313204,-0.3767424632699572,0.3154032155496485,0.3071670326949549,%,0.0214592243446479,56476,973,1648,30,,,,,harmonized run_common,사후 재추정
요구불,,C2,-5,-0.0919671508016593,0.1341475151646043,0.4982499173605965,-0.3659329261035834,0.1819986245002646,0.9239134805284044,%,0.0118219206994202,58789,980,1665,31,,,,,harmonized run_common,사후 재추정
요구불,,C2,-4,-0.0698039267495751,0.1120790143684911,0.5379644984427829,-0.2983905836129691,0.1587827301138188,0.700481240260098,%,0.0085564848459177,61332,990,1693,32,,,,,harmonized run_common,사후 재추정
요구불,,C2,-3,-0.1039782774844594,0.0930846948946029,0.2722991191427388,-0.2935855962810864,0.0856290413121675,1.0452073007320095,%,0.0208460424387795,63775,994,1714,33,,,,,harmonized run_common,사후 재추정
요구불,,C2,-2,-0.1073840079457675,0.0267102002410544,0.000317570749118,-0.1617263189341277,-0.0530416969574073,1.0796264355614538,%,0.0149689204453701,66102,994,1724,34,,,,,harmonized run_common,사후 재추정
요구불,,C2,0,0.0050661514877452,0.0649741870184338,0.9383075934295204,-0.1269772833278495,0.13710958630334,-0.0506486840988529,%,0.0297693284614891,71138,1012,1763,35,,,,,harmonized run_common,사후 재추정
요구불,,C2,1,0.1654440761044209,0.0981363317000904,0.1012571801244766,-0.0342157919749755,0.3651039441838175,-1.64083005362049,%,0.0133107379771936,66102,994,1724,34,,,0.128128971256724,,harmonized run_common,사후 재추정
요구불,,C2,2,0.2846398693440043,0.101122460961961,0.0082825725832514,0.0786601568378433,0.4906195818501652,-2.806270404253053,%,0.0132830919908894,63784,993,1713,33,,,0.0662605806660118,,harmonized run_common,사후 재추정
요구불,,C2,3,0.3010456192586621,0.1173855762035648,0.0153943180736425,0.0616361581785013,0.5404550803388228,-2.965593280057699,%,0.0253827707164279,61371,989,1694,32,,,0.0904057670109526,,harmonized run_common,사후 재추정
요구불,,C2,4,0.3248617763143561,0.1040276987662557,0.0039476665997126,0.1124088724316297,0.5373146801970825,-3.19641697131392,%,0.0093365859858867,58836,981,1666,31,,,0.0355289993974136,,harmonized run_common,사후 재추정
요구불,,C2,5,0.3026158929184062,0.1347112105894543,0.0324620043579987,0.0271005318932731,0.5781312539435393,-2.9808291410989507,%,0.0282484516797213,56561,975,1651,30,,,0.128128971256724,,harmonized run_common,사후 재추정
요구불,,C2,6,0.4218906115718788,0.1305837841032638,0.0031493885354288,0.1544018556121048,0.6893793675316529,-4.131148732192413,%,0.0311341897996111,54248,967,1627,29,,,0.031493885354288,,harmonized run_common,사후 재추정
요구불,,C2,7,0.465069844098662,0.1407962176718863,0.0026991650275591,0.1761798680744848,0.7539598201228391,-4.544210647688174,%,0.0180028051680285,51868,963,1594,28,,,0.0296908153031506,,harmonized run_common,사후 재추정
요구불,,C2,8,0.517971204839686,0.1445677221160816,0.001373298312319,0.2208079961525377,0.8151344135268341,-5.047851423749483,%,0.024098835403706,49668,953,1578,27,,,0.0164795797478281,,harmonized run_common,사후 재추정
요구불,,C2,9,0.4425722596861896,0.1652984579348062,0.0129151095729932,0.1021337128587871,0.7830108065135921,-4.329216427977789,%,0.018570774728514,47449,945,1562,26,,,0.0904057670109526,,harmonized run_common,사후 재추정
요구불,,C2,10,0.4527753411948227,0.1705755001667499,0.0138805303471498,0.1007248117516868,0.8048258706379587,-4.426780327171109,%,0.0269496154250617,45212,936,1530,25,,,0.0904057670109526,,harmonized run_common,사후 재추정
요구불,,C2,11,0.4236367054145473,0.1856030429040692,0.032032242814181,0.0396875581941113,0.8075858526349833,-4.14788687192199,%,0.0173422466444499,43170,928,1510,24,,,0.128128971256724,,harmonized run_common,사후 재추정
요구불,,C2,12,0.3927210126018486,0.193769766019135,0.0549786840806691,-0.0091328865193,0.7945749117229974,-3.851094883322825,%,-0.0014816513620597,41022,923,1489,23,,,0.128128971256724,,harmonized run_common,사후 재추정
요구불,,E23,-6,-0.0336364942006624,0.153081149950491,0.8280200536475754,-0.3503089800574454,0.2830359916561204,0.3369312836912774,%,0.0153345933603647,154708,703,8401,24,,,,,harmonized run_common,사후 재추정
요구불,,E23,-5,0.0560274237806334,0.1477845756168707,0.7080795674573958,-0.2496882632717555,0.3617431108330224,-0.5587076288329329,%,0.0147911801638682,156127,702,8489,24,,,,,harmonized run_common,사후 재추정
요구불,,E23,-4,0.059895461427175,0.1131807868472112,0.6017363617896024,-0.1742368346375245,0.2940277574918747,-0.5971644569817358,%,0.0129582500488227,158557,702,8644,24,,,,,harmonized run_common,사후 재추정
요구불,,E23,-3,0.0990020147614428,0.072196340799894,0.1835170035440588,-0.0503474950786652,0.2483515246015509,-0.9851355808394024,%,0.019135809823012,160534,705,8734,24,,,,,harmonized run_common,사후 재추정
요구불,,E23,-2,0.0151569983099986,0.1123141851017386,0.8938240707245716,-0.2171825954587266,0.2474965920787239,-0.1514551738138969,%,0.025076080740789,161914,704,8744,24,,,,,harmonized run_common,사후 재추정
요구불,,E23,0,-0.0751344234561934,,,,,0.7541739077787213,%,0.0296489356239335,169467,707,8930,24,,,,,harmonized run_common,사후 재추정
요구불,,E23,1,-0.0691114036347743,0.1194167299080478,0.5686421217166683,-0.3167665436482438,0.178543736378695,0.693507740635324,%,0.0105526329722095,155143,703,8679,23,,,1.0,,harmonized run_common,사후 재추정
요구불,,E23,2,0.059874426740751,0.1304268067270713,0.650903521624956,-0.2113629662524876,0.3311118197339898,-0.5969553660142957,%,0.005603700611426,147115,699,8601,22,,,1.0,,harmonized run_common,사후 재추정
요구불,,E23,3,-0.0657085592027627,0.1241218469667115,0.6023639071778011,-0.3246221949824502,0.1932050765769248,0.6592491355855934,%,0.0161995220652771,138901,695,8453,21,,,1.0,,harmonized run_common,사후 재추정
요구불,,E23,4,0.1327303761479777,0.1985790829215855,0.5119171629348075,-0.2829004211092429,0.5483611734051984,-1.318533928755783,%,0.0275076699416517,130233,684,8196,20,,,1.0,,harmonized run_common,사후 재추정
요구불,,E23,5,0.0008073164994151,0.2018714740328182,0.9968531290203896,-0.423308912592079,0.4249235455909093,-0.0080728391229523,%,0.0168859843667133,122449,678,8014,19,,,1.0,,harmonized run_common,사후 재추정
요구불,,E23,6,0.0554599570897968,0.2165112755137031,0.8009068381379895,-0.4013389047655749,0.5122588189451686,-0.5530645066088136,%,0.0204051868695699,114712,673,7825,18,,,1.0,,harmonized run_common,사후 재추정
요구불,,E23,7,0.3797510522611562,0.2405123300580716,0.1339172923121644,-0.1301123107570011,0.8896144152793136,-3.7263092289498414,%,0.0296778996673299,106787,671,7608,17,,,1.0,,harmonized run_common,사후 재추정
요구불,,E23,8,0.2391661163635717,0.2599078683698322,0.3720328749153729,-0.3148143915607171,0.7931466242878606,-2.36328759798522,%,0.0156004134182061,99437,665,7464,16,,,1.0,,harmonized run_common,사후 재추정
요구불,,E23,9,0.1955890024369481,0.3514140696436926,0.586603709783196,-0.558119216081864,0.9492972209557602,-1.9368865925160628,%,0.0208449942606806,92243,655,7350,15,,,1.0,,harmonized run_common,사후 재추정
요구불,,E23,10,-0.0078269983611255,0.3089937317621418,0.980175968273902,-0.675367371503528,0.6597133747812769,0.0783006225561155,%,0.037656359721663,84968,649,7202,14,,,1.0,,harmonized run_common,사후 재추정
요구불,,E23,11,0.4064837197475179,0.2780391053980973,0.1694400237471028,-0.1993114502430552,1.012278889738091,-3.983330788598094,%,0.0322686768694505,78187,646,7072,13,,,1.0,,harmonized run_common,사후 재추정
요구불,,E23,12,0.2149996480923939,0.3008142399414546,0.4896693292375825,-0.4470880299629932,0.8770873261477811,-2.127048808861709,%,0.0171713138550442,71277,643,6957,12,,,1.0,,harmonized run_common,사후 재추정
요구불,,EX,-6,-0.0782979894717484,0.1811149379617122,0.6687131137408793,-0.448719629224068,0.2921236502805711,0.7860531981748187,%,0.0098645345051566,183291,505,8537,30,,,,,harmonized run_common,사후 재추정
요구불,,EX,-5,-0.1299261577084776,0.1528289591438082,0.4019808880413391,-0.4420445314930644,0.182192216076109,1.3077386536618052,%,0.0031378854623683,191124,507,8677,31,,,,,harmonized run_common,사후 재추정
요구불,,EX,-4,-0.1138449079371013,0.1440687668314498,0.435407321847633,-0.4076750950955921,0.1799852792213895,1.1449540728116547,%,0.0151279953890221,200328,512,8905,32,,,,,harmonized run_common,사후 재추정
요구불,,EX,-3,-0.1197504722559248,0.0862345311575215,0.174526770941403,-0.2954044641283294,0.0559035196164797,1.204703516964578,%,0.0097928290229982,208995,515,9058,33,,,,,harmonized run_common,사후 재추정
요구불,,EX,-2,-0.0790183107846892,0.0911040538416524,0.392018444278962,-0.2643709019851794,0.1063342804158009,0.7933132938683585,%,0.0136228799312102,217076,513,9149,34,,,,,harmonized run_common,사후 재추정
요구불,,EX,0,0.0804605114846426,0.0466182010347634,0.0934357111099585,-0.0142790716025248,0.1752000945718101,-0.8013768320041859,%,0.0288690265929632,233592,522,9426,35,,,,,harmonized run_common,사후 재추정
요구불,,EX,1,0.1674498222335095,0.060612008805886,0.0092995983033939,0.0441337631088002,0.2907658813582187,-1.6605564276874651,%,0.0061792434873841,217076,513,9149,34,,,0.1022955813373333,,harmonized run_common,사후 재추정
요구불,,EX,2,0.2580181969000572,0.0912097743639705,0.0079983835380629,0.0722299662486133,0.4438064275515011,-2.547179722617232,%,0.0100763324716621,208987,514,9059,33,,,0.0959806024567552,,harmonized run_common,사후 재추정
요구불,,EX,3,0.1696701971963502,0.1194282326435968,0.1653885920578787,-0.073905289159624,0.4132456835523245,-1.6823890476044046,%,0.0229698252038957,200334,512,8916,32,,,0.767803193393013,,harmonized run_common,사후 재추정
요구불,,EX,4,0.2477188152429365,0.1375762174267735,0.0818293463599417,-0.0332493042498733,0.5286869347357464,-2.446757638265684,%,0.0023502347120218,191127,508,8678,31,,,0.5728054245195919,,harmonized run_common,사후 재추정
요구불,,EX,5,0.204641851877372,0.138370333441049,0.1499366581533962,-0.0783572556680475,0.4876409594227915,-2.025621481410167,%,0.0189760939440677,183344,507,8541,30,,,0.767803193393013,,harmonized run_common,사후 재추정
요구불,,EX,6,0.2883859141512674,0.1507683008491613,0.0660550415788792,-0.0204489500644887,0.5972207783670237,-2.842672792183609,%,0.0201997333510375,175195,502,8362,29,,,0.5714737150024728,,harmonized run_common,사후 재추정
요구불,,EX,7,0.4067765752430409,0.1584993956096434,0.0161391584730589,0.0815626784874933,0.7319904719985886,-3.9861426483485007,%,0.0196908809389468,166685,502,8149,28,,,0.1613915847305889,,harmonized run_common,사후 재추정
요구불,,EX,8,0.3901276124467356,0.2012575423892939,0.0634970794447192,-0.0235631906833741,0.8038184155768453,-3.826156391143776,%,0.0086523595141761,159291,496,8039,27,,,0.5714737150024728,,harmonized run_common,사후 재추정
요구불,,EX,9,0.2839430310666595,0.1949601796847341,0.1577232936206088,-0.1175849752457606,0.6854710373790798,-2.7994973371591514,%,0.0244756031476548,151701,491,7928,26,,,0.767803193393013,,harmonized run_common,사후 재추정
요구불,,EX,10,0.3100371144485752,0.1966428584083706,0.1279671988988354,-0.0958137981748841,0.7158880270720345,-3.0528025072427023,%,0.0156049903810372,143922,489,7753,25,,,0.767803193393013,,harmonized run_common,사후 재추정
요구불,,EX,11,0.2987168011879102,0.2016165492587135,0.1520160428623013,-0.1183588078225546,0.715792410198375,-2.94299310058912,%,0.0130592794324869,137146,485,7635,24,,,0.767803193393013,,harmonized run_common,사후 재추정
요구불,,EX,12,0.1933450252963647,0.222458300762104,0.3941598463076537,-0.2680052533858562,0.6546953039785856,-1.914878984897905,%,0.0063264246121335,129828,483,7497,23,,,0.767803193393013,,harmonized run_common,사후 재추정
요구불,,HOLD,-6,-0.0096775426856634,0.0181030322476449,0.5970145611967695,-0.0467024008510312,0.0273473154797043,0.0967754268566344,%p,0.0007942443869291,193323,980,8537,30,,,,,harmonized run_common,사후 재추정
요구불,,HOLD,-5,-0.0104575589372863,0.0146114783798884,0.4797053806196462,-0.0402981787783735,0.0193830609038008,0.1045755893728634,%p,-0.0005120678530908,201585,987,8677,31,,,,,harmonized run_common,사후 재추정
요구불,,HOLD,-4,-0.0072211626562676,0.0124948929775824,0.5674866812383879,-0.0327046648953311,0.0182623395827958,0.0722116265626764,%p,-0.0011365582199274,211229,997,8905,32,,,,,harmonized run_common,사후 재추정
요구불,,HOLD,-3,-0.0062609927025994,0.0063222644716908,0.3294528404021851,-0.0191390240111596,0.0066170386059606,0.0626099270259947,%p,0.0004529678447402,220317,1001,9058,33,,,,,harmonized run_common,사후 재추정
요구불,,HOLD,-2,-0.0127803879669525,0.0058249914371157,0.0353788110171672,-0.0246314221532758,-0.0009293537806291,0.127803879669525,%p,-0.0005684255898225,228822,1001,9149,34,,,,,harmonized run_common,사후 재추정
요구불,,HOLD,0,0.007212517154188,0.0039445405136194,0.0762618759319984,-0.0008037536463963,0.0152287879547725,-0.0721251715418809,%p,0.000393496204425,246418,1019,9426,35,,,,,harmonized run_common,사후 재추정
요구불,,HOLD,1,0.0015955493722114,0.0085261310785308,0.8526995240799288,-0.0157509947351178,0.0189420934795407,-0.0159554937221146,%p,0.0003905175969866,228822,1001,9149,34,,,1.0,,harmonized run_common,사후 재추정
요구불,,HOLD,2,0.0081382874778557,0.0123575697518015,0.5148847255188462,-0.0170332583937226,0.0333098333494342,-0.0813828747785578,%p,-7.071799260421771e-05,220305,1000,9059,33,,,1.0,,harmonized run_common,사후 재추정
요구불,,HOLD,3,0.0133677308743689,0.0126316232354229,0.2981070809890839,-0.0123946345640894,0.0391300963128273,-0.1336773087436898,%p,-0.000391783843818,211247,996,8916,32,,,1.0,,harmonized run_common,사후 재추정
요구불,,HOLD,4,0.0131690603929219,0.0127955155696195,0.3116156129448321,-0.0129628686190855,0.0393009894049295,-0.13169060392922,%p,0.0005409684223631,201603,988,8678,31,,,1.0,,harmonized run_common,사후 재추정
요구불,,HOLD,5,0.0147988742316325,0.0158552102031823,0.3583326280071887,-0.0176286716581609,0.047226420121426,-0.1479887423163256,%p,0.0001030930287156,193397,982,8541,30,,,1.0,,harmonized run_common,사후 재추정
요구불,,HOLD,6,0.0103730847903487,0.0151413977559054,0.4989254102217849,-0.0206426625096103,0.0413888320903079,-0.1037308479034877,%p,0.000421679130939,184846,974,8362,29,,,1.0,,harmonized run_common,사후 재추정
요구불,,HOLD,7,0.0153229923712525,0.019095330145996,0.429301429701184,-0.0238573887445681,0.0545033734870732,-0.1532299237125255,%p,0.0003948337558481,175944,970,8149,28,,,1.0,,harmonized run_common,사후 재추정
요구불,,HOLD,8,0.0049308895568761,0.0212271732959507,0.818130451783739,-0.0387021900521245,0.0485639691658768,-0.0493088955687618,%p,0.0003606604316323,168143,960,8039,27,,,1.0,,harmonized run_common,사후 재추정
요구불,,HOLD,9,-0.0070780868963604,0.0168948717765594,0.6788312416520101,-0.0418737266640082,0.0277175528712872,0.0707808689636049,%p,-0.0002454890450216,160179,952,7928,26,,,1.0,,harmonized run_common,사후 재추정
요구불,,HOLD,10,-0.0028563245302566,0.0188168076015248,0.880616307569848,-0.0416923066734751,0.0359796576129618,0.0285632453025666,%p,-0.000357469731462,152033,943,7753,25,,,1.0,,harmonized run_common,사후 재추정
요구불,,HOLD,11,0.0086704584019408,0.0238736542673749,0.7197862781325538,-0.0407159581867774,0.0580568749906591,-0.0867045840194084,%p,-0.0002190557780773,144895,935,7635,24,,,1.0,,harmonized run_common,사후 재추정
요구불,,HOLD,12,-0.0037251310681076,0.0227381327897085,0.8713627112447201,-0.0508811322751096,0.0434308701388944,0.0372513106810762,%p,0.0010761962621374,137190,930,7497,23,,,1.0,,harmonized run_common,사후 재추정
요구불,,POS,-6,0.0084091901776399,0.1367080483694722,0.951373418321252,-0.2711901626657161,0.2880085430209961,-0.0840565544454552,%,0.0152976306561252,173903,965,8238,30,,,,,did_demand_deposit A-양수 (커밋 8884970),사후 재추정
요구불,,POS,-5,-0.0170194327183427,0.1141773175984493,0.8825027052411661,-0.2502006235840144,0.2161617581473289,0.1703392399278858,%,0.0189348049658173,181612,974,8406,31,,,,,did_demand_deposit A-양수 (커밋 8884970),사후 재추정
요구불,,POS,-4,0.0021706415427223,0.0937299152573807,0.981672294021926,-0.1889927809543016,0.1933340640397463,-0.0217040597553119,%,0.00551554069735,190742,987,8649,32,,,,,did_demand_deposit A-양수 (커밋 8884970),사후 재추정
요구불,,POS,-3,-0.0187279674346227,0.0821796907021702,0.8211813013348552,-0.1861225195811113,0.1486665847118659,0.1874551522560663,%,0.0172430028248227,199359,991,8827,33,,,,,did_demand_deposit A-양수 (커밋 8884970),사후 재추정
요구불,,POS,-2,-0.0131432398066646,0.0489669075496551,0.7900540806072579,-0.1127671622852255,0.0864806826718963,0.1315188082958274,%,0.0200241606165936,207793,994,8969,34,,,,,did_demand_deposit A-양수 (커밋 8884970),사후 재추정
요구불,,POS,0,-0.019078324953528,0.0477856918429758,0.6922075706070858,-0.1161905348253642,0.0780338849183081,0.1909653565682845,%,0.0273927283875496,223219,1011,9252,35,,,,,did_demand_deposit A-양수 (커밋 8884970),사후 재추정
요구불,,POS,1,0.0696883338813364,0.0838306517947487,0.4117795932836434,-0.1008664095902287,0.2402430773529017,-0.6944607377082246,%,0.0096645214288723,206845,991,8918,34,,,0.4117795932836434,,did_demand_deposit A-양수 (커밋 8884970),사후 재추정
요구불,,POS,2,0.1466234807898326,0.084809885324122,0.0934745635672064,-0.0261286024818991,0.3193755640615643,-1.4555379296068205,%,0.0101219660053613,198759,990,8808,33,,,0.3176623197759938,,did_demand_deposit A-양수 (커밋 8884970),사후 재추정
요구불,,POS,3,0.1477921203030607,0.0751204818514841,0.0581404402051288,-0.0054171125328186,0.3010013531389401,-1.467053551931674,%,0.0216251664522969,190113,982,8635,32,,,0.2907022010256443,,did_demand_deposit A-양수 (커밋 8884970),사후 재추정
요구불,,POS,4,0.2023110572257112,0.1114198998294732,0.0794155799439984,-0.0252387352798649,0.4298608497312874,-2.002783004178432,%,0.0091153187959183,181120,973,8390,31,,,0.3176623197759938,,did_demand_deposit A-양수 (커밋 8884970),사후 재추정
요구불,,POS,5,0.1957517829474135,0.115886772743885,0.1019133615349684,-0.0412632797994764,0.4327668456943036,-1.9384828558898333,%,0.0122053412871679,173515,967,8220,30,,,0.3176623197759938,,did_demand_deposit A-양수 (커밋 8884970),사후 재추정
요구불,,POS,6,0.2911778217512714,0.1143848575031382,0.0167001656496037,0.0568710627286115,0.5254845807739312,-2.869794433974304,%,0.0228779092130966,165578,958,8047,29,,,0.1169011595472264,,did_demand_deposit A-양수 (커밋 8884970),사후 재추정
요구불,,POS,7,0.3662130541054564,0.1270765397825573,0.0076604207975886,0.1054735318508843,0.6269525763600285,-3.5958856603579448,%,0.0160491466483716,157388,956,7813,28,,,0.0738187281318958,,did_demand_deposit A-양수 (커밋 8884970),사후 재추정
요구불,,POS,8,0.4837917326611663,0.1228078564000151,0.0005474133117924,0.2313565685343085,0.7362268967880241,-4.7227547265096925,%,0.0147497192101384,150247,946,7708,27,,,0.0065689597415096,,did_demand_deposit A-양수 (커밋 8884970),사후 재추정
요구불,,POS,9,0.4432085053422769,0.1430089005044758,0.0047521280436074,0.1486761613664485,0.7377408493181052,-4.335303246386369,%,0.0204319338410937,143006,937,7599,26,,,0.0522734084796814,,did_demand_deposit A-양수 (커밋 8884970),사후 재추정
요구불,,POS,10,0.426366980083124,0.1560317903007702,0.011605029337294,0.1043331925131187,0.7484007676531292,-4.174053559287572,%,0.0122850441561614,135680,928,7418,25,,,0.0928402346983526,,did_demand_deposit A-양수 (커밋 8884970),사후 재추정
요구불,,POS,11,0.4718946794329657,0.1605974245644705,0.0073818728131895,0.1396735948939745,0.8041157639719568,-4.609335426269379,%,0.0162968987572991,129300,919,7302,24,,,0.0738187281318958,,did_demand_deposit A-양수 (커밋 8884970),사후 재추정
요구불,,POS,12,0.4288550990393423,0.1714406998962933,0.0203015159863653,0.0733088487818032,0.7844013492968814,-4.197893228751582,%,0.0108859193606403,122232,911,7150,23,,,0.1218090959181919,,did_demand_deposit A-양수 (커밋 8884970),사후 재추정
요구불,,RAW,-6,0.00687970633208,0.138983610577342,0.9608600957436582,-0.2773736937913283,0.2911331064554883,-0.068773403567246,%,0.0163368837456865,193323,980,8537,30,,,,,harmonized run_common,사후 재추정
요구불,,RAW,-5,-0.0253190262378299,0.1203430041384391,0.8347853528030927,-0.27109222889831,0.2204541764226501,0.2535110596084244,%,0.0147729584672753,201585,987,8677,31,,,,,harmonized run_common,사후 재추정
요구불,,RAW,-4,-0.0175944463554384,0.082201277935887,0.8319167096488157,-0.1852450580166485,0.1500561653057716,0.1760993366425545,%,0.0057624247961119,211229,997,8905,32,,,,,harmonized run_common,사후 재추정
요구불,,RAW,-3,-0.0302970166246323,0.0784649117845025,0.7019618171916838,-0.190124811730141,0.1295307784808763,0.3034295847042845,%,0.0180236132203497,220317,1001,9058,33,,,,,harmonized run_common,사후 재추정
요구불,,RAW,-2,-0.0565404853917594,0.0475044678731892,0.2424544618794536,-0.1531890519769536,0.0401080811934348,0.5670062839268075,%,0.020033897925688,228822,1001,9149,34,,,,,harmonized run_common,사후 재추정
요구불,,RAW,0,0.0137280395708297,0.0441219867907343,0.7575951920909767,-0.075938625824829,0.1033947049664886,-0.1371862092778286,%,0.0258397644109962,246418,1019,9426,35,,,,,harmonized run_common,사후 재추정
요구불,,RAW,1,0.0938115198467665,0.081918218509833,0.2603702051336456,-0.0728523488512863,0.2604753885448194,-0.9337286255920564,%,0.0050021731026106,228822,1001,9149,34,,,0.2603702051336456,,harmonized run_common,사후 재추정
요구불,,RAW,2,0.1965002037030634,0.0790079964303799,0.0182834274725701,0.0355661813740459,0.3574342260320809,-1.9458217087350291,%,0.00222565806582,220305,1000,9059,33,,,0.085729542647178,,harmonized run_common,사후 재추정
요구불,,RAW,3,0.2094547896560609,0.0839933720044501,0.0181857222683534,0.0381491780448092,0.3807604012673126,-2.0727645944282225,%,0.0121495963166459,211247,996,8916,32,,,0.085729542647178,,harmonized run_common,사후 재추정
요구불,,RAW,4,0.2714319869731907,0.103375951035174,0.0134805562519037,0.0603101295301093,0.4825538444162721,-2.6778132558138656,%,0.0005008938875666,201603,988,8678,31,,,0.085729542647178,,harmonized run_common,사후 재추정
요구불,,RAW,5,0.2828404536704089,0.1146686616997726,0.0197914074945957,0.0483167077383467,0.517364199602471,-2.788779638601369,%,0.0006678296240849,193397,982,8541,30,,,0.085729542647178,,harmonized run_common,사후 재추정
요구불,,RAW,6,0.3635541835857157,0.1134894670778338,0.0033757987113577,0.1310815487049445,0.5960268184664868,-3.570249646606971,%,0.006837938363082,184846,974,8362,29,,,0.0337579871135778,,harmonized run_common,사후 재추정
요구불,,RAW,7,0.4385742051973925,0.1147941361110857,0.000710146709995,0.2030360936116753,0.6741123167831096,-4.290959080168644,%,-0.0005340067588191,175944,970,8149,28,,,0.0078116138099453,,harmonized run_common,사후 재추정
요구불,,RAW,8,0.4864510023888946,0.1211789844708424,0.0004503672859925,0.2373640324642302,0.7355379723135589,-4.74808814735016,%,-0.0064243357289753,168143,960,8039,27,,,0.0054044074319106,,harmonized run_common,사후 재추정
요구불,,RAW,9,0.40868995231963,0.1442925145343873,0.0089981860015162,0.1115139557623437,0.7058659488769163,-4.004511962290403,%,0.0018381728403615,160179,952,7928,26,,,0.0719854880121297,,harmonized run_common,사후 재추정
요구불,,RAW,10,0.4210506356495417,0.1554183687358968,0.0122470775210254,0.1002828879649502,0.7418183833341332,-4.123095641300312,%,-0.0052812149380236,152033,943,7753,25,,,0.085729542647178,,harmonized run_common,사후 재추정
요구불,,RAW,11,0.4737988190738559,0.1503965798508344,0.004478969485371,0.1626797895844312,0.7849178485632806,-4.627497411645265,%,-0.0061127150063304,144895,935,7635,24,,,0.0403107253683392,,harmonized run_common,사후 재추정
요구불,,RAW,12,0.4310739203070206,0.1620459210782545,0.0142973909048916,0.0950112488191273,0.7671365917949138,-4.219147645875987,%,-0.0084495900813193,137190,930,7497,23,,,0.085729542647178,,harmonized run_common,사후 재추정
운전자금,,C1,-6,0.0837121256127716,0.1241787992702507,0.505569837486997,-0.1702620355791921,0.3376862868047355,-0.8336271528984751,%,-0.0001839001041242,173168,942,7528,30,0.0837139286550146,0.1255715007908233,,,harmonized run_common,사후 재추정
운전자금,,C1,-5,0.0739452734232588,0.0988518897037685,0.4602596417319272,-0.1279372181720756,0.2758277650185934,-0.7367255088229552,%,-0.0001435088998328,180484,949,7654,31,,,,,harmonized run_common,사후 재추정
운전자금,,C1,-4,0.0133557461765451,0.0667169784929495,0.8426432960586941,-0.1227144285627653,0.1494259209158556,-0.1334683134799674,%,5.282018982359494e-05,189061,956,7861,32,,,,,harmonized run_common,사후 재추정
운전자금,,C1,-3,0.0104547233101658,0.0425195518652182,0.8073451213407892,-0.0761547696330783,0.09706421625341,-0.1044926015221769,%,0.0011027423171858,197133,962,7981,33,,,,,harmonized run_common,사후 재추정
운전자금,,C1,-2,-0.0034102878669937,0.0152715809238803,0.8246713040609824,-0.0344805528728639,0.0276599771388764,0.0341086943626889,%,-0.0022433452349912,204711,961,8062,34,-0.0034100428307562,0.0150983141533248,,,harmonized run_common,사후 재추정
운전자금,,C1,0,0.0229153836520187,0.012859022998575,0.0836750481674895,-0.0032172952320257,0.0490480625360631,-0.228891479554838,%,-0.0012923834837705,220457,976,8317,35,0.0229156111459514,0.0126819883695471,,,harmonized run_common,사후 재추정
운전자금,,C1,1,0.0421721295745197,0.0252518872355161,0.1043679275050602,-0.0092032212956035,0.0935474804446431,-0.4208333002160946,%,-3.530226253159032e-05,204711,961,8062,34,,,1.0,,harmonized run_common,사후 재추정
운전자금,,C1,2,0.0194106295839113,0.0397356341330016,0.6285307956233548,-0.061528208505131,0.1003494676729537,-0.1939180313994315,%,-0.0040796381513068,197134,961,7984,33,,,1.0,,harmonized run_common,사후 재추정
운전자금,,C1,3,-0.0008446676710537,0.0598311011778543,0.9888266789386478,-0.1228710030359916,0.1211816676938841,0.0084470334523301,%,-0.0025118993931018,189081,956,7869,32,,,1.0,,harmonized run_common,사후 재추정
운전자금,,C1,4,-0.0350181840388579,0.0906607986525514,0.7020337789186962,-0.2201722359932361,0.1501358679155202,0.3507956933199496,%,-0.0036169910051973,180517,950,7650,31,,,1.0,,harmonized run_common,사후 재추정
운전자금,,C1,5,-0.0571173390379788,0.0984520816358913,0.5662918481071646,-0.2584744547293725,0.1442397766534149,0.5728076956799111,%,-0.0018424255833619,173262,943,7527,30,,,1.0,,harmonized run_common,사후 재추정
운전자금,,C1,6,-0.0622801757936304,0.1144132454026595,0.5905137950026397,-0.2966450847924102,0.1720847332051493,0.6247452005882392,%,-0.0045750750173213,165674,936,7374,29,-0.0622800717611243,0.115473099355511,1.0,,harmonized run_common,사후 재추정
운전자금,,C1,7,-0.0460506220912398,0.1088279065189511,0.6755367538517278,-0.2693470417314876,0.1772457975490078,0.4615681803138427,%,-0.0080950393453765,157770,933,7189,28,,,1.0,,harmonized run_common,사후 재추정
운전자금,,C1,8,-0.0594162597094885,0.1322032410929575,0.656844937280368,-0.3311639136600641,0.212331394241087,0.5959312441985887,%,-0.0087435920047855,150836,923,7087,27,,,1.0,,harmonized run_common,사후 재추정
운전자금,,C1,9,-0.0795233165490317,0.1381823840694133,0.5701006371198153,-0.3641152638513516,0.2050686307532881,0.7984035428195924,%,0.0027819360550887,143758,916,6991,26,,,1.0,,harmonized run_common,사후 재추정
운전자금,,C1,10,-0.0611673672079553,0.1435143735303703,0.673752684929684,-0.3573664763102337,0.235031741894323,0.6135482155658067,%,0.0021146221229881,136483,908,6839,25,,,1.0,,harmonized run_common,사후 재추정
운전자금,,C1,11,-0.0406026066712616,0.1397880209222254,0.7740684080629303,-0.3297761599974405,0.2485709466549172,0.4068514692853187,%,-0.0062601517651331,130103,900,6745,24,,,1.0,,harmonized run_common,사후 재추정
운전자금,,C1,12,-0.0269375054146098,0.1495703059455666,0.8587232451938586,-0.3371273346732857,0.283252323844066,0.2697381947419197,%,-0.0007934813465744,123241,895,6621,23,-0.026937325774287,0.1525790945398006,1.0,,harmonized run_common,사후 재추정
운전자금,,C2,-6,0.2130636899738265,0.1476641810626888,0.1597657046954153,-0.0889434702168353,0.5150708501644884,-2.108099181191947,%,0.0042826361540839,55964,937,1611,30,,,,,harmonized run_common,사후 재추정
운전자금,,C2,-5,0.2015151556647772,0.1237787215519363,0.1139775777473563,-0.0512747180369227,0.4543050293664772,-1.9949830799865451,%,0.0047346951157396,58212,944,1627,31,,,,,harmonized run_common,사후 재추정
운전자금,,C2,-4,0.0900245460401792,0.0748639383448498,0.2382712233505496,-0.0626614628643336,0.2427105549446921,-0.8962053835826489,%,-0.0050004830162681,60637,951,1654,32,,,,,harmonized run_common,사후 재추정
운전자금,,C2,-3,0.0526232826743945,0.039757728339483,0.1950150818133218,-0.028360559840527,0.133607125189316,-0.5248506473609416,%,0.0027577733386986,63008,957,1666,33,,,,,harmonized run_common,사후 재추정
운전자금,,C2,-2,-0.0016136447561291,0.0059123998256056,0.786611202230648,-0.0136425126459607,0.0104152231337024,0.0161377495560222,%,-0.0010299265923444,65335,956,1682,34,,,,,harmonized run_common,사후 재추정
운전자금,,C2,0,-0.0085903027864715,0.0096052562687687,0.3774309695773825,-0.0281105320992664,0.0109299265263232,0.0859399350830791,%,-0.0007808411695772,70212,971,1715,35,,,,,harmonized run_common,사후 재추정
운전자금,,C2,1,-0.0265038091728697,0.0228689281486389,0.2547968992207427,-0.0730309933275455,0.0200233749818059,0.2653896281789247,%,0.0017934858714682,65335,956,1682,34,,,1.0,,harmonized run_common,사후 재추정
운전자금,,C2,2,-0.0550980315498771,0.0400290025008142,0.1782373004470692,-0.1366344414492333,0.0264383783494791,0.5525010036537381,%,-0.0025382704275579,63031,956,1668,33,,,1.0,,harmonized run_common,사후 재추정
운전자금,,C2,3,-0.100516441527765,0.0685017456651421,0.1523523615186582,-0.2402266729134494,0.0391937898579192,1.0102331616293814,%,-0.001319373575951,60678,951,1653,32,,,1.0,,harmonized run_common,사후 재추정
운전자금,,C2,4,-0.1779318382904233,0.110057393168965,0.1164076822942295,-0.4026990209717166,0.0468353443908699,1.795242559501098,%,0.0022185289323702,58272,945,1627,31,,,1.0,,harmonized run_common,사후 재추정
운전자금,,C2,5,-0.2256385856932482,0.1217092458268509,0.0739485140107433,-0.4745619429799399,0.0232847715934435,2.282034792309684,%,-0.0007310427574144,56048,938,1612,30,,,0.8662560574654659,,harmonized run_common,사후 재추정
운전자금,,C2,6,-0.2653503292072323,0.1420121237675753,0.0721880047887888,-0.5562489777542438,0.0255483193397791,2.689022159526022,%,0.0027510753383214,53785,931,1591,29,,,0.8662560574654659,,harmonized run_common,사후 재추정
운전자금,,C2,7,-0.2539070645399808,0.1478688293911287,0.0974109184507615,-0.5573088411209155,0.0494947120409538,2.571579602755514,%,-0.0051862608225082,51503,928,1564,28,,,0.9741091845076152,,harmonized run_common,사후 재추정
운전자금,,C2,8,-0.2573140793575402,0.1576306587814415,0.1146524567874259,-0.5813285389154632,0.0667003802003827,2.606531845714599,%,-0.0027587088303532,49326,918,1550,27,,,1.0,,harmonized run_common,사후 재추정
운전자금,,C2,9,-0.2661954553988698,0.1699499266132446,0.1298460492081094,-0.6162138812964407,0.083822970498701,2.697701044480572,%,0.0099631211190203,47167,911,1534,26,,,1.0,,harmonized run_common,사후 재추정
운전자금,,C2,10,-0.2380718255183971,0.1708960505396284,0.1763659610381139,-0.5907839384150464,0.1146402873782521,2.409283588495059,%,0.0050696342960699,45002,903,1510,25,,,1.0,,harmonized run_common,사후 재추정
운전자금,,C2,11,-0.2010595979010591,0.1739421723969338,0.2595889652240669,-0.5608863966027986,0.1587672008006802,2.0309446073956794,%,0.0038331307324552,42976,895,1495,24,,,1.0,,harmonized run_common,사후 재추정
운전자금,,C2,12,-0.1682545580692029,0.1832337256678296,0.3684456077205362,-0.5482580468634293,0.2117489307250235,1.6967801008818784,%,0.0127016859414458,40867,890,1474,23,,,1.0,,harmonized run_common,사후 재추정
운전자금,,E23,-6,0.095795729588201,0.1225141643995183,0.4422398561771379,-0.157644128980993,0.3492355881573952,-0.953383501628613,%,-0.0005625180584154,138448,680,7438,24,,,,,harmonized run_common,사후 재추정
운전자금,,E23,-5,0.10235580698864,0.0966629796899675,0.3006428136404355,-0.0976068015927933,0.3023184155700734,-1.018337541170966,%,0.0005916692488489,139635,679,7517,24,,,,,harmonized run_common,사후 재추정
운전자금,,E23,-4,0.0523471007511132,0.0740420909928442,0.4866738690574415,-0.1008206342725737,0.2055148357748003,-0.5221032856158492,%,-0.0006709932581575,141750,679,7656,24,,,,,harmonized run_common,사후 재추정
운전자금,,E23,-3,0.0268307764274955,0.0469236738109029,0.5730065342507784,-0.0702382385102497,0.1238997913652408,-0.2679481406976602,%,0.0015780197285693,143458,682,7734,24,,,,,harmonized run_common,사후 재추정
운전자금,,E23,-2,-0.0027330677869943,0.0184896175207274,0.883775922018112,-0.0409817557849845,0.0355156202109958,0.0273344130399921,%,-0.0026524088147989,144653,681,7746,24,,,,,harmonized run_common,사후 재추정
운전자금,,E23,0,0.0289219128191336,0.0170641512414868,0.1035945047105727,-0.0063779735119098,0.064221799150177,-0.2888012925880034,%,0.0005485102783813,151389,684,7915,24,,,,,harmonized run_common,사후 재추정
운전자금,,E23,1,0.0125557119905702,0.0364638906023714,0.7338657340728666,-0.0630657686806865,0.088177192661827,-0.1254783299328266,%,0.0016123067057676,138580,680,7691,23,,,1.0,,harmonized run_common,사후 재추정
운전자금,,E23,2,-0.0657236540110561,0.0556191056519543,0.2505441834378372,-0.181389916156232,0.0499426081341197,0.6594010789071403,%,-0.0016289715826843,131397,677,7622,22,,,1.0,,harmonized run_common,사후 재추정
운전자금,,E23,3,-0.1422872848695406,0.0826543456411515,0.1005976877619727,-0.3147012286346612,0.03012665889558,1.4330438673803458,%,-0.0008988013710675,124063,673,7501,21,,,1.0,,harmonized run_common,사후 재추정
운전자금,,E23,4,-0.2274475935631198,0.1137061146852872,0.059965799705045,-0.4654372267327359,0.0105420396064962,2.3005393665938234,%,-0.0014670886744858,116346,663,7268,20,,,0.719589596460541,,harmonized run_common,사후 재추정
운전자금,,E23,5,-0.146096683139957,0.1448593802992315,0.3265607647817681,-0.450434947946271,0.1582415816663568,1.471691114237883,%,0.0016012567974707,109432,657,7107,19,,,1.0,,harmonized run_common,사후 재추정
운전자금,,E23,6,-0.2058052482318534,0.1714705675571465,0.2465065513832908,-0.5675765228038412,0.1559660263401342,2.079376417111134,%,0.0007252447056917,102526,653,6939,18,,,1.0,,harmonized run_common,사후 재추정
운전자금,,E23,7,-0.1124627574208737,0.2270333832861705,0.6270817355985809,-0.5937520297493568,0.3688265149076092,1.1309752838248863,%,-0.0025565554664759,95456,650,6740,17,,,1.0,,harmonized run_common,사후 재추정
운전자금,,E23,8,0.0308640976439177,0.2203177138985328,0.8904534194326899,-0.4387319935238787,0.5004601888117142,-0.3081651698147669,%,-0.0033763258761568,88921,644,6614,16,,,1.0,,harmonized run_common,사후 재추정
운전자금,,E23,9,0.1218494642863285,0.2902387615003016,0.6809848984097719,-0.5006507676972687,0.7443496962699259,-1.211101057505204,%,0.0071340305083351,82511,635,6514,15,,,1.0,,harmonized run_common,사후 재추정
운전자금,,E23,10,0.2568112188244251,0.2499059528398224,0.3228650625615525,-0.2830777687541957,0.7967002064030461,-2.5354166709959047,%,0.0068279300666042,75980,629,6378,14,,,1.0,,harmonized run_common,사후 재추정
운전자금,,E23,11,0.0553287021559417,0.2615368622093076,0.8360067207292914,-0.5145111686566077,0.6251685729684913,-0.5517592079484657,%,-0.0065151389950718,69920,626,6272,13,,,1.0,,harmonized run_common,사후 재추정
운전자금,,E23,12,-0.018593377581687,0.227808482917876,0.9364162807343088,-0.5199964678269219,0.4828097126635477,0.1861067398447158,%,0.0022533878432975,63754,623,6175,12,,,1.0,,harmonized run_common,사후 재추정
운전자금,,EX,-6,-0.0080878602704489,0.1686244391431852,0.9620739356138648,-0.3529635615940935,0.3367878410531957,0.0809113182657306,%,0.0021903686530429,163577,489,7528,30,,,,,harmonized run_common,사후 재추정
운전자금,,EX,-5,0.0453164123612305,0.1472333785425255,0.7603717577460567,-0.2553742612843431,0.3460070860068042,-0.4521388842546381,%,-0.0021221293093459,170486,491,7654,31,,,,,harmonized run_common,사후 재추정
운전자금,,EX,-4,-0.0030733906739594,0.096504131177592,0.97479803631415,-0.1998948638434613,0.1937480824955424,0.0307386300886003,%,-0.0019069342779934,178648,495,7861,32,,,,,harmonized run_common,사후 재추정
운전자금,,EX,-3,-0.0275956172696724,0.0565807308828411,0.6290723708561011,-0.1428467946022743,0.0876555600629293,0.2763372822274235,%,0.001262113049519,186316,498,7981,33,,,,,harmonized run_common,사후 재추정
운전자금,,EX,-2,-0.0141656114118696,0.0298937154209787,0.6387158327060498,-0.074984832733448,0.0466536099097086,0.1417564937844062,%,-0.0005629414500673,193487,496,8062,34,,,,,harmonized run_common,사후 재추정
운전자금,,EX,0,0.0461807761962404,0.0213512707549627,0.0376711210454683,0.0027897734375113,0.0895717789549694,-0.4607430694920533,%,-0.0030188420182481,208197,505,8317,35,,,,,harmonized run_common,사후 재추정
운전자금,,EX,1,0.0594138025378042,0.0429922293453732,0.1762661294574062,-0.0280545457368079,0.1468821508124163,-0.5923765157381466,%,-0.0012320994551325,193487,496,8062,34,,,1.0,,harmonized run_common,사후 재추정
운전자금,,EX,2,0.00978820077135,0.0517147482321837,0.8510743398037552,-0.0955512942514293,0.1151276957941295,-0.0978341189024512,%,-0.0027767376568564,186321,497,7984,33,,,1.0,,harmonized run_common,사후 재추정
운전자금,,EX,3,-0.0034020414509899,0.0717094163225227,0.9624652466487568,-0.1496543602740132,0.1428502773720332,0.0340262021092163,%,-0.0018046434278522,178655,495,7869,32,,,1.0,,harmonized run_common,사후 재추정
운전자금,,EX,4,-0.0565270106550463,0.0989501422837833,0.5720735485229188,-0.2586101607883055,0.1455561394782129,0.5668707726249389,%,-0.0080602091081416,170505,492,7650,31,,,1.0,,harmonized run_common,사후 재추정
운전자금,,EX,5,-0.0235516859103567,0.1064359372819732,0.8264284546516519,-0.2412376198276257,0.1941342480069122,0.2357944179146809,%,-0.0060857713793032,163652,491,7527,30,,,1.0,,harmonized run_common,사후 재추정
운전자금,,EX,6,0.0007508390298893,0.124417758060188,0.995227730144189,-0.2541073851467527,0.2556090632065313,-0.0075081084263239,%,-0.0052506771999808,156447,486,7374,29,,,1.0,,harmonized run_common,사후 재추정
운전자금,,EX,7,0.0097847855405159,0.131054611314294,0.9410341594849284,-0.259117065279615,0.2786866363606469,-0.0978000000008916,%,-0.0119260440644789,148915,486,7189,28,,,1.0,,harmonized run_common,사후 재추정
운전자금,,EX,8,-0.0836987502460358,0.1498015729437938,0.5811262223692446,-0.3916202933870119,0.2242227928949401,0.8405000358394421,%,-0.0038344123608607,142368,480,7087,27,,,1.0,,harmonized run_common,사후 재추정
운전자금,,EX,9,-0.1319071764471187,0.1742750361843948,0.4561898213481553,-0.4908333322513556,0.2270189793571183,1.3278098945356032,%,0.0003698143938408,135645,476,6991,26,,,1.0,,harmonized run_common,사후 재추정
운전자금,,EX,10,-0.1259778247924415,0.1873548938022528,0.5077502472471856,-0.5126593206248825,0.2607036710399995,1.2677468813053538,%,-0.0008183607499235,128719,474,6839,25,,,1.0,,harmonized run_common,사후 재추정
운전자금,,EX,11,-0.183967583618376,0.1789299162201115,0.3145691537502951,-0.5541123165387525,0.1861771493020004,1.8567021213170776,%,-0.0085179989141283,122684,470,6745,24,,,1.0,,harmonized run_common,사후 재추정
운전자금,,EX,12,-0.2357950788846655,0.1736766646331627,0.1883333257336197,-0.5959784361907813,0.1243882784214502,2.3859702433574714,%,-0.00920860115053,116190,468,6621,23,,,1.0,,harmonized run_common,사후 재추정
운전자금,,HOLD,-6,0.007113093308729,0.0254566954931986,0.7819062285064549,-0.0449516949047067,0.0591778815221648,-0.0711309330872906,%p,0.0003050404048008,173168,942,7528,30,,,,,harmonized run_common,사후 재추정
운전자금,,HOLD,-5,0.0086760317512119,0.0210800254085961,0.6835759929456071,-0.0343751235188943,0.0517271870213181,-0.0867603175121193,%p,0.0008375613320685,180484,949,7654,31,,,,,harmonized run_common,사후 재추정
운전자금,,HOLD,-4,-0.0001519415506546,0.0153333724212525,0.9921572237152152,-0.0314245607824032,0.0311206776810938,0.0015194155065469,%p,0.0010808220311161,189061,956,7861,32,,,,,harmonized run_common,사후 재추정
운전자금,,HOLD,-3,-0.0033649423479477,0.0105609931485992,0.7520851557323045,-0.0248769814323832,0.0181470967364878,0.033649423479477,%p,0.000967751342272,197133,962,7981,33,,,,,harmonized run_common,사후 재추정
운전자금,,HOLD,-2,0.0021980753417846,0.0074718570337756,0.770462440707538,-0.0130035320937862,0.0173996827773555,-0.0219807534178464,%p,0.0007647422788776,204711,961,8062,34,,,,,harmonized run_common,사후 재추정
운전자금,,HOLD,0,0.0103428224511781,0.0059810933097963,0.092835044733263,-0.0018122215873724,0.0224978664897287,-0.1034282245117815,%p,0.0012253462829321,220457,976,8317,35,,,,,harmonized run_common,사후 재추정
운전자금,,HOLD,1,0.0174444729345442,0.0069324896069295,0.0169006009336454,0.0033402167798374,0.031548729089251,-0.1744447293454422,%p,0.0008397035162631,204711,961,8062,34,,,0.2028072112037457,,harmonized run_common,사후 재추정
운전자금,,HOLD,2,0.0105106307938028,0.0081837984390455,0.2082500227408617,-0.0061592211228456,0.0271804827104514,-0.1051063079380287,%p,-0.0005019224653998,197134,961,7984,33,,,1.0,,harmonized run_common,사후 재추정
운전자금,,HOLD,3,0.0061344304455714,0.0123129361505298,0.6218522640934523,-0.0189779683980545,0.0312468292891974,-0.0613443044557147,%p,0.0009850212192332,189081,956,7869,32,,,1.0,,harmonized run_common,사후 재추정
운전자금,,HOLD,4,0.0057497595385644,0.016663840660658,0.732468760525818,-0.02828234325889,0.0397818623360189,-0.0574975953856445,%p,0.0002066361883468,180517,950,7650,31,,,1.0,,harmonized run_common,사후 재추정
운전자금,,HOLD,5,0.0016360055735469,0.0171447712316983,0.9246351824190387,-0.0334289887571065,0.0367009999042004,-0.0163600557354694,%p,0.0007087703971568,173262,943,7527,30,,,1.0,,harmonized run_common,사후 재추정
운전자금,,HOLD,6,0.002568578298298,0.0198572062908198,0.8980035095518332,-0.0381070648839187,0.0432442214805148,-0.0256857829829804,%p,0.0005175960762423,165674,936,7374,29,,,1.0,,harmonized run_common,사후 재추정
운전자금,,HOLD,7,0.0059653838506924,0.0201750992530237,0.7697361806726836,-0.0354305004696803,0.0473612681710652,-0.0596538385069247,%p,-0.0001773004152247,157770,933,7189,28,,,1.0,,harmonized run_common,사후 재추정
운전자금,,HOLD,8,7.840624402656808e-05,0.0233199605701652,0.997343026828589,-0.0478564592159391,0.0480132717039923,-0.0007840624402656,%p,-0.0005393838134436,150836,923,7087,27,,,1.0,,harmonized run_common,사후 재추정
운전자금,,HOLD,9,-0.0097412746451089,0.0250134279168487,0.7002470868709708,-0.0612573937763745,0.0417748444861565,0.0974127464510898,%p,0.0015527317864467,143758,916,6991,26,,,1.0,,harmonized run_common,사후 재추정
운전자금,,HOLD,10,-0.005282336343663,0.0262058348823416,0.841950840186149,-0.0593685212635894,0.0488038485762633,0.0528233634366306,%p,0.0012140051355138,136483,908,6839,25,,,1.0,,harmonized run_common,사후 재추정
운전자금,,HOLD,11,-0.0094829835398764,0.0244440430538563,0.701622868696663,-0.0600493392326472,0.0410833721528944,0.094829835398764,%p,-0.0004804005830108,130103,900,6745,24,,,1.0,,harmonized run_common,사후 재추정
운전자금,,HOLD,12,-0.0112826220006046,0.0260572051775671,0.6692343326725877,-0.0653219580432104,0.0427567140420011,0.1128262200060464,%p,0.0009098676225125,123241,895,6621,23,,,1.0,,harmonized run_common,사후 재추정
운전자금,,POS,-6,0.0194610706641515,0.04019085656504,0.6318692182324435,-0.062738460525372,0.1016606018536751,-0.1944214627886631,%,-0.00121891397543,157355,910,7272,30,,,,,harmonized run_common,사후 재추정
운전자금,,POS,-5,0.0062279596191535,0.0321146875271892,0.8475388807566376,-0.0593589821603459,0.071814901398653,-0.0622602064765165,%,-0.001657660025514,164366,916,7423,31,,,,,harmonized run_common,사후 재추정
운전자금,,POS,-4,0.0009181622310679,0.0236635360687268,0.9692980753395712,-0.0473439377703868,0.0491802622325227,-0.0091812008126357,%,-0.0025455005573828,172610,927,7658,32,,,,,harmonized run_common,사후 재추정
운전자금,,POS,-3,0.0081394775489106,0.0155014136759107,0.6031471460061385,-0.0234358688383204,0.0397148239361417,-0.0813616589273813,%,-0.0019991391472282,180412,939,7820,33,,,,,harmonized run_common,사후 재추정
운전자금,,POS,-2,-0.0070212373769329,0.0086868079444781,0.4247270498337337,-0.0246946810259783,0.0106522062721123,0.0702370284263453,%,-0.0026340090164888,188170,938,7953,34,,,,,harmonized run_common,사후 재추정
운전자금,,POS,0,0.0049013037803423,0.0074367577277625,0.5142934840027827,-0.0102120062790292,0.0200146138397139,-0.0490010283761943,%,-0.0031612291741276,202606,954,8224,35,,,,,harmonized run_common,사후 재추정
운전자금,,POS,1,0.0018295716038291,0.0093675295923526,0.846347918475586,-0.0172288106511217,0.02088795385878,-0.0182940424742317,%,-0.0017190330287006,187297,936,7910,34,,,1.0,,harmonized run_common,사후 재추정
운전자금,,POS,2,-0.0028168172768513,0.0168644265294503,0.868399698715811,-0.0371685299930219,0.0315348954393192,0.0281721403708301,%,-0.0019267560366549,179935,931,7793,33,,,1.0,,harmonized run_common,사후 재추정
운전자금,,POS,3,-0.0115257261203214,0.0203670709076001,0.5755355841042183,-0.053064641100081,0.0300131888594381,0.1153237079102753,%,-0.0036669707045789,172142,925,7647,32,,,1.0,,harmonized run_common,사후 재추정
운전자금,,POS,4,-0.0358993514497902,0.0309660145801697,0.2554725111018465,-0.0991403901082935,0.0273416872087129,0.3596386680039032,%,-0.0033142284696466,164036,919,7393,31,,,1.0,,harmonized run_common,사후 재추정
운전자금,,POS,5,-0.0286631044121644,0.0330152470757911,0.3924250429862871,-0.0961868663739075,0.0388606575495786,0.2870422236611381,%,-0.0033457018571394,157165,910,7270,30,,,1.0,,harmonized run_common,사후 재추정
운전자금,,POS,6,-0.0440698319594985,0.0373929875390872,0.2484929525947492,-0.1206658946876254,0.0325262307686282,0.4416708227162891,%,-0.0044545895500238,150001,900,7111,29,,,1.0,,harmonized run_common,사후 재추정
운전자금,,POS,7,-0.0319879326720046,0.0394164154869919,0.4241535154112299,-0.1128637368184807,0.0488878714744715,0.3203914865905988,%,-0.0044201827348135,142588,894,6909,28,,,1.0,,harmonized run_common,사후 재추정
운전자금,,POS,8,-0.025524521301691,0.0457459749140469,0.5816433743659579,-0.1195567194369329,0.0685076768335508,0.2555712409419541,%,-0.0041660511077247,136114,882,6814,27,,,1.0,,harmonized run_common,사후 재추정
운전자금,,POS,9,-0.009662940600241,0.0467224925549841,0.8378291022445845,-0.1058897152979597,0.0865638340974776,0.0966761072541011,%,-0.0022682537901623,129516,877,6708,26,,,1.0,,harmonized run_common,사후 재추정
운전자금,,POS,10,-0.0219917555170546,0.0505364651267076,0.6673302115220198,-0.1262938932018313,0.0823103821677221,0.2201595511906351,%,-0.0017511665661096,122780,865,6544,25,,,1.0,,harmonized run_common,사후 재추정
운전자금,,POS,11,-0.0012593685130524,0.0552168654645133,0.982000404439086,-0.1154841574797027,0.1129654204535979,0.0125944781683484,%,-0.0020327979419615,116975,856,6450,24,,,1.0,,harmonized run_common,사후 재추정
운전자금,,POS,12,0.0187017047494176,0.0586299427919203,0.7527514838481337,-0.1028893545794997,0.1402927640783349,-0.1868422795794799,%,-0.0031988430010036,110566,848,6311,23,,,1.0,,harmonized run_common,사후 재추정
운전자금,,RAW,-6,0.0837035646304864,0.1241677545906156,0.5055754655395427,-0.1702480076552997,0.3376551369162725,-0.8335422567060102,%,-0.0039151805474994,173168,942,7528,30,,,,,harmonized run_common,사후 재추정
운전자금,,RAW,-5,0.0739587358182243,0.0988488868543891,0.4601652224398539,-0.127917623140532,0.2758350947769806,-0.7368591408736802,%,-0.0034401782728401,180484,949,7654,31,,,,,harmonized run_common,사후 재추정
운전자금,,RAW,-4,0.0133472908719324,0.0667156976233121,0.8427385743879136,-0.1227202715165295,0.1494148532603945,-0.1333838732496595,%,-0.0005421891723313,189061,956,7861,32,,,,,harmonized run_common,사후 재추정
운전자금,,RAW,-3,0.010463434339232,0.0425211784132226,0.8071951306867603,-0.076149371773877,0.097076240452341,-0.1045796207511218,%,0.0006363775794754,197133,962,7981,33,,,,,harmonized run_common,사후 재추정
운전자금,,RAW,-2,-0.0034121136108001,0.0152719597077984,0.8245833127255244,-0.0344831492583459,0.0276589220367457,0.0341269580298009,%,-0.0020912598555205,204711,961,8062,34,,,,,harmonized run_common,사후 재추정
운전자금,,RAW,0,0.0229165713185698,0.0128574185044908,0.0836228140606962,-0.0032128468411817,0.0490459894783213,-0.2289033290349684,%,-0.0023139228021079,220457,976,8317,35,,,,,harmonized run_common,사후 재추정
운전자금,,RAW,1,0.0421673360838172,0.0252520701606226,0.1044081882290166,-0.0092083869502335,0.0935430591178681,-0.4207855670236737,%,-0.0019149738045406,204711,961,8062,34,,,1.0,,harmonized run_common,사후 재추정
운전자금,,RAW,2,0.019415886310628,0.0397323328180534,0.6284097175464909,-0.0615162272199189,0.1003479998411751,-0.193970496715401,%,-0.0049451135803779,197134,961,7984,33,,,1.0,,harmonized run_common,사후 재추정
운전자금,,RAW,3,-0.0008459407704113,0.0598230853386367,0.9888083401583484,-0.1228559277234808,0.1211640461826582,0.0084597655221063,%,-0.0024741915193485,189081,956,7869,32,,,1.0,,harmonized run_common,사후 재추정
운전자금,,RAW,4,-0.0349951242897679,0.0906527965903133,0.7021951850629025,-0.2201328338528435,0.1501425852733076,0.3505642871697967,%,-0.0020571597254996,180517,950,7650,31,,,1.0,,harmonized run_common,사후 재추정
운전자금,,RAW,5,-0.0571000699519513,0.0984433888124352,0.5663744777167005,-0.258439406823139,0.1442392669192363,0.5726340157830689,%,0.0007026396628903,173262,943,7527,30,,,1.0,,harmonized run_common,사후 재추정
운전자금,,RAW,6,-0.0622930994787528,0.1144092622558682,0.5904242505215439,-0.2966498493711985,0.1720636504136927,0.6248752449245387,%,-0.0017985124454524,165674,936,7374,29,,,1.0,,harmonized run_common,사후 재추정
운전자금,,RAW,7,-0.04605468085883,0.1088191734349044,0.6754854021528468,-0.2693331816907276,0.1772238199730675,0.4616089553378,%,-0.0060422655435864,157770,933,7189,28,,,1.0,,harmonized run_common,사후 재추정
운전자금,,RAW,8,-0.0594206073211745,0.1321966955423395,0.6568056856387926,-0.3311548066997626,0.2123135920574135,0.5959749794127278,%,-0.0060949974513234,150836,923,7087,27,,,1.0,,harmonized run_common,사후 재추정
운전자금,,RAW,9,-0.0795201787285861,0.1381695448255511,0.5700801547549925,-0.3640856831131835,0.2050453256560111,0.7983719140953971,%,0.0063263917349616,143758,916,6991,26,,,1.0,,harmonized run_common,사후 재추정
운전자금,,RAW,10,-0.0611573157301218,0.1435030586798005,0.6737788692210755,-0.3573330721285842,0.2350184406683405,0.6134470841316686,%,0.0048405783679815,136483,908,6839,25,,,1.0,,harmonized run_common,사후 재추정
운전자금,,RAW,11,-0.040599395013264,0.1397753679802157,0.7740659033718665,-0.3297467737346602,0.2485479837081322,0.4068192220437305,%,-0.0044505391840008,130103,900,6745,24,,,1.0,,harmonized run_common,사후 재추정
운전자금,,RAW,12,-0.0269393393689843,0.1495565546793368,0.8587008902106867,-0.3371006502469766,0.2832219715090079,0.26975658375612,%,0.000407249198448,123241,895,6621,23,,,1.0,,harmonized run_common,사후 재추정
적립식,,C1,-6,-0.534456231333708,0.4114059016335324,0.2041447332584372,-1.37587577630294,0.306963313635524,5.489962807159343,%,-0.0028198588229282,15230,139,501,30,-0.5344562313335846,0.4169274177949228,,,harmonized run_common,사후 재추정
적립식,,C1,-5,-0.3161423395047819,0.3210994577482581,0.3327136129768559,-0.9719149177973124,0.3396302387877488,3.211927192343267,%,0.0027581723592302,15809,138,504,31,,,,,harmonized run_common,사후 재추정
적립식,,C1,-4,-0.1040689925698817,0.2357959205439117,0.6620213886757619,-0.5849779431246089,0.3768399579848455,1.046123937350818,%,0.0009183403813284,16442,141,506,32,,,,,harmonized run_common,사후 재추정
적립식,,C1,-3,-0.0033033094764393,0.1365713706329531,0.9808533139858718,-0.2814900880807492,0.2748834691278706,0.0330385512919528,%,0.0018072917715686,17052,140,513,33,,,,,harmonized run_common,사후 재추정
적립식,,C1,-2,0.031405939162945,0.0485068769809112,0.5218176002430652,-0.067282044086212,0.1300939224121022,-0.3135667409955744,%,0.0042941372597251,17645,140,514,34,0.0314059391626475,0.0480814509567517,,,harmonized run_common,사후 재추정
적립식,,C1,0,-0.0909198454036182,0.0472782900598352,0.0628782518126273,-0.187000890787649,0.0051611999804124,0.9133442180623952,%,-0.0059914016869517,18780,142,518,35,-0.0909198454035157,0.046934171559848,,,harmonized run_common,사후 재추정
적립식,,C1,1,-0.1622027482678894,0.1286191678593201,0.2161126081415806,-0.4238804128228804,0.0994749162871016,1.6352537629867658,%,0.0113998380803739,17645,140,514,34,,,0.4309254442916896,,harmonized run_common,사후 재추정
적립식,,C1,2,-0.3188793916538323,0.1944043336079898,0.1107398718570646,-0.7148680608930881,0.0771092775854234,3.2401807014462047,%,0.0079081636846231,17056,140,513,33,,,0.4309254442916896,,harmonized run_common,사후 재추정
적립식,,C1,3,-0.5151842534871433,0.2555658875934373,0.0525527778665398,-1.0364143176741916,0.0060458106999051,5.2868585584253225,%,0.0044069274661571,16455,140,506,32,,,0.4309254442916896,,harmonized run_common,사후 재추정
적립식,,C1,4,-0.5958585033107172,0.304409532087825,0.0596579397594163,-1.21754570612923,0.0258286995077956,6.139687834165675,%,0.0113357480126116,15828,138,505,31,,,0.4309254442916896,,harmonized run_common,사후 재추정
적립식,,C1,5,-0.7201531985886986,0.3448735029961847,0.0456743351153084,-1.4254987097026377,-0.0148076874747598,7.467180775812876,%,-0.006486989612772,15261,139,502,30,,,0.4309254442916896,,harmonized run_common,사후 재추정
적립식,,C1,6,-0.8143651405772568,0.3672776203636709,0.0348925902184173,-1.5666992411517628,-0.0620310400027507,8.484434303240151,%,0.0160057579036781,14674,139,498,29,-0.8143651405772367,0.3728181206363825,0.4187110826210086,,harmonized run_common,사후 재추정
적립식,,C1,7,-0.8673589711550553,0.4001481208886183,0.0391750403901536,-1.6883950967065644,-0.0463228456035463,9.060860880033328,%,-0.0038551904296248,14068,137,497,28,,,0.4309254442916896,,harmonized run_common,사후 재추정
적립식,,C1,8,-0.9473694540363092,0.437703124321586,0.0397984356984523,-1.8470811114652907,-0.0476577966073274,9.936962285343132,%,0.0084195221724614,13499,138,492,27,,,0.4309254442916896,,harmonized run_common,사후 재추정
적립식,,C1,9,-0.959656975248419,0.467810637505244,0.0508466226715936,-1.9231310185785664,0.0038170680817286,10.072130588113335,%,0.0033955007194932,12923,137,485,26,,,0.4309254442916896,,harmonized run_common,사후 재추정
적립식,,C1,10,-1.0887776306919186,0.5257242595445538,0.0492767136378691,-2.173819173778881,-0.0037360876049556,11.502604464935365,%,-0.0115515794713263,12345,135,476,25,,,0.4309254442916896,,harmonized run_common,사후 재추정
적립식,,C1,11,-1.1657843889571744,0.5353908729253487,0.0399594101559492,-2.273324792783095,-0.0582439851312539,12.36456445341243,%,-0.0079281481541295,11835,136,474,24,,,0.4309254442916896,,harmonized run_common,사후 재추정
적립식,,C1,12,-1.2768639705291716,0.5823718080582008,0.0392100647094514,-2.484629178767646,-0.0690987622906968,13.619663220823709,%,0.015607617536202,11293,136,473,23,-1.2768639705289653,0.5939613698145129,0.4309254442916896,,harmonized run_common,사후 재추정
적립식,,C2,-6,-0.9132529033736806,0.6296577386848113,0.1576789832674086,-2.201047574930105,0.3745417681827437,9.562534363626815,%,-0.0113116709635566,7535,134,178,30,,,,,harmonized run_common,사후 재추정
적립식,,C2,-5,-0.6689143410304602,0.533579402074329,0.2196562604806053,-1.7586288571365456,0.4208001750756253,6.917939545332974,%,-0.0024462175127374,7817,133,178,31,,,,,harmonized run_common,사후 재추정
적립식,,C2,-4,-0.3163260435714434,0.3710555378723577,0.4004734834701079,-1.0730988024219688,0.440446715279082,3.213823254834236,%,-0.0018485312849562,8122,136,178,32,,,,,harmonized run_common,사후 재추정
적립식,,C2,-3,-0.0526964501858986,0.206887320454936,0.8005762477245983,-0.474112131559673,0.3687192311878756,0.5283554018999714,%,-0.0058764625651906,8419,135,183,33,,,,,harmonized run_common,사후 재추정
적립식,,C2,-2,-0.0134439822968798,0.0932870185619291,0.8862868173279518,-0.203237848614565,0.1763498840208053,0.1345302338103149,%,-0.0090741815097249,8697,135,184,34,,,,,harmonized run_common,사후 재추정
적립식,,C2,0,-0.1049498522755339,0.0839429232740209,0.2197441409794416,-0.2755423971952415,0.0656426926441736,1.0550250752766388,%,-0.020245564594832,9286,137,185,35,,,,,harmonized run_common,사후 재추정
적립식,,C2,1,-0.1301715265616995,0.1676072474572504,0.4428991113504739,-0.4711710354768522,0.2108279823534532,1.3102244605242452,%,-0.0051830459695171,8697,135,184,34,,,0.7632259468617371,,harmonized run_common,사후 재추정
적립식,,C2,2,-0.3315655828058322,0.2366457699932319,0.1708066076067035,-0.8135972422938362,0.1504660766821718,3.371236280370371,%,-0.0001110274694382,8424,135,183,33,,,0.7632259468617371,,harmonized run_common,사후 재추정
적립식,,C2,3,-0.4793950376545758,0.3058793951471477,0.1272043244769561,-1.103240177032784,0.1444501017236322,4.910718637026679,%,-0.0051845586974731,8139,135,178,32,,,0.7632259468617371,,harmonized run_common,사후 재추정
적립식,,C2,4,-0.4958871531240819,0.363772003302129,0.182969612287935,-1.2388086958415432,0.2470343895933792,5.08388135733191,%,-0.0021339695387903,7839,133,178,31,,,0.7632259468617371,,harmonized run_common,사후 재추정
적립식,,C2,5,-0.615176214610836,0.4072048855277547,0.1416782245691702,-1.4480037169134543,0.2176512876917823,6.344923589301632,%,-0.0124818089717882,7569,134,178,30,,,0.7632259468617371,,harmonized run_common,사후 재추정
적립식,,C2,6,-0.7267575299584371,0.4802149185849063,0.14138488444812,-1.7104331987843815,0.2569181388675071,7.538179105378528,%,0.0072251271543403,7291,134,177,29,,,0.7632259468617371,,harmonized run_common,사후 재추정
적립식,,C2,7,-0.8364309512675487,0.4901044237299316,0.0993672511142536,-1.8420421641386069,0.1691802616035091,8.724078301977944,%,-0.0235674274568979,7004,132,177,28,,,0.7412439334218526,,harmonized run_common,사후 재추정
적립식,,C2,8,-0.96213717223923,0.5511180926969101,0.0926554916777315,-2.094976635946441,0.1707022914679806,10.09943403057485,%,0.0050264222098386,6735,133,176,27,,,0.7412439334218526,,harmonized run_common,사후 재추정
적립식,,C2,9,-1.1881636597460026,0.6057670170728584,0.0610578350153519,-2.43576418539392,0.0594368659019142,12.616309743642253,%,0.0023764448750701,6457,132,174,26,,,0.610578350153519,,harmonized run_common,사후 재추정
적립식,,C2,10,-1.343581030373403,0.6839197820979382,0.0611491435183175,-2.75512208491429,0.0679600241674835,14.380234540806814,%,-0.0215299475653422,6177,130,172,25,,,0.610578350153519,,harmonized run_common,사후 재추정
적립식,,C2,11,-1.6111005522675474,0.7148496504759979,0.0340440385906792,-3.0898797220301173,-0.1323213825049776,17.481425614872272,%,-0.0178236353141861,5925,131,172,24,,,0.3744844244974719,,harmonized run_common,사후 재추정
적립식,,C2,12,-1.753226654857443,0.7550461847930665,0.0298822730965775,-3.319096602523469,-0.1873567071914164,19.16306526702707,%,0.0121323915654822,5659,131,171,23,,,0.358587277158931,,harmonized run_common,사후 재추정
적립식,,E23,-6,-0.5251388573960042,0.4678585257655138,0.2732603924138712,-1.4929779573202708,0.4427002425282625,5.391719639668247,%,0.0017261388170382,12143,111,516,24,,,,,harmonized run_common,사후 재추정
적립식,,E23,-5,-0.4382409478796676,0.3488156276830889,0.2215940096951435,-1.159821050719387,0.2833391549600516,4.479855321204651,%,0.0118236701281639,12187,110,517,24,,,,,harmonized run_common,사후 재추정
적립식,,E23,-4,-0.2279074217065808,0.2698590057436571,0.4070656088451804,-0.7861533076783149,0.3303384642651533,2.305243541457802,%,0.0103896945619166,12277,111,521,24,,,,,harmonized run_common,사후 재추정
적립식,,E23,-3,-0.0867269295270742,0.1569633531518211,0.5859156230549992,-0.4114303645814818,0.2379765055273333,0.8710409710672495,%,0.0073802827324821,12341,111,522,24,,,,,harmonized run_common,사후 재추정
적립식,,E23,-2,0.0356248360772283,0.0807660362852125,0.6632686550847816,-0.1314524395475575,0.2027021117020142,-0.3556145491707241,%,0.0064325191968545,12391,110,521,24,,,,,harmonized run_common,사후 재추정
적립식,,E23,0,-0.2220275227536763,0.1250139709464515,0.0889625572968827,-0.4806386251607593,0.0365835796534065,2.2451067736586783,%,-0.0083890233556334,12836,111,527,24,,,,,harmonized run_common,사후 재추정
적립식,,E23,1,-0.3270926786884044,0.2285300159175496,0.1664004467818457,-0.8010349239074888,0.1468495665306798,3.325009656665645,%,0.0073353003119778,11877,110,519,23,,,1.0,,harmonized run_common,사후 재추정
적립식,,E23,2,-0.3847832409113049,0.28339038147572,0.1889437062461992,-0.9741258016908708,0.2045593198682609,3.922820189804521,%,0.0124507010018825,11316,109,518,22,,,1.0,,harmonized run_common,사후 재추정
적립식,,E23,3,-0.5856344810482418,0.3681169111528872,0.1273169097824024,-1.35351290203358,0.1822439399370965,6.031225836372811,%,-0.0095254863065128,10748,108,516,21,,,1.0,,harmonized run_common,사후 재추정
적립식,,E23,4,-0.4324600453565007,0.4380784877313381,0.3359624305624331,-1.3493688578970064,0.4844487671840051,4.419473989891087,%,0.0110330885573219,10162,107,510,20,,,1.0,,harmonized run_common,사후 재추정
적립식,,E23,5,-0.8904681784669917,0.5613282641897775,0.1300686949362168,-2.06977510051354,0.2888387435795563,9.31318332069142,%,-0.0220476415694776,9617,107,506,19,,,1.0,,harmonized run_common,사후 재추정
적립식,,E23,6,-0.6709881578519105,0.6551631023553511,0.3201159647044499,-2.0532614772228333,0.7112851615190124,6.940114666764874,%,0.0101061648084298,9060,107,501,18,,,1.0,,harmonized run_common,사후 재추정
적립식,,E23,7,-1.0691544358303755,0.7149486213674486,0.1542649974640706,-2.58477780693816,0.4464689352774091,11.284015272496164,%,0.0045380084487499,8497,106,498,17,,,1.0,,harmonized run_common,사후 재추정
적립식,,E23,8,-0.924245242773741,0.862200554831214,0.3006822410548621,-2.7619822235501186,0.9134917380026364,9.68303543725375,%,0.0032345393831118,7949,106,491,16,,,1.0,,harmonized run_common,사후 재추정
적립식,,E23,9,-1.0680187777496064,0.9313711737262172,0.2707199521180037,-3.065611272667977,0.9295737171687644,11.271377930974236,%,-0.0059884226268539,7403,104,484,15,,,1.0,,harmonized run_common,사후 재추정
적립식,,E23,10,-0.7905046634808117,0.989504808175503,0.4387072458151095,-2.928199836482396,1.347190509520772,8.225893834845778,%,-0.0177342474436894,6866,102,480,14,,,1.0,,harmonized run_common,사후 재추정
적립식,,E23,11,-1.4094517392127406,1.0007120882252374,0.1843770118688925,-3.589816075840971,0.77091259741549,15.136152161684825,%,0.0036006748898582,6361,103,476,13,,,1.0,,harmonized run_common,사후 재추정
적립식,,E23,12,-1.1756059082336174,0.8390834126134572,0.1887717393402178,-3.022416047474886,0.6712042310076514,12.47497773942452,%,-0.004951137315331,5846,103,476,12,,,1.0,,harmonized run_common,사후 재추정
적립식,,EX,-6,0.073335122311272,0.6307401035645084,0.9082412869425872,-1.2166732339807118,1.363343478603256,-0.7306687643173437,%,0.0035775468990025,13709,74,501,30,,,,,harmonized run_common,사후 재추정
적립식,,EX,-5,0.215870740799332,0.5016053747919075,0.6700100125663881,-0.8085441000708399,1.240285581669504,-2.1355740789401945,%,0.0167346896378029,14228,73,504,31,,,,,harmonized run_common,사후 재추정
적립식,,EX,-4,0.4544988856847459,0.3820663101748093,0.2432426756048686,-0.3247304913318388,1.2337282627013306,-4.443251377316082,%,0.0039578390018393,14793,74,506,32,,,,,harmonized run_common,사후 재추정
적립식,,EX,-3,0.327696202333593,0.2202032476918838,0.1464997298860458,-0.1208431352282087,0.7762355398953948,-3.223851342544648,%,0.0109477680362395,15343,74,513,33,,,,,harmonized run_common,사후 재추정
적립식,,EX,-2,0.1971774380112083,0.0749227793108729,0.0128169395181613,0.0447458973758164,0.3496089786466001,-1.9524620492387568,%,0.0054985448488096,15879,73,514,34,,,,,harmonized run_common,사후 재추정
적립식,,EX,0,-0.2320204641374332,0.0908312838979247,0.0152863339869337,-0.4166118421132696,-0.0474290861615968,2.3473307769521945,%,-0.0002466841334935,16874,74,518,35,,,,,harmonized run_common,사후 재추정
적립식,,EX,1,-0.4002286827074165,0.2531333723737339,0.123394155261813,-0.915232401096718,0.1147750356818849,4.0834576007115375,%,0.019156920748234,15879,73,514,34,,,0.3663523684125995,,harmonized run_common,사후 재추정
적립식,,EX,2,-0.6260098421527945,0.2920222488401893,0.0397569726410677,-1.220839697847579,-0.0311799864580099,6.460196148340236,%,0.0148399313156876,15343,74,513,33,,,0.3663523684125995,,harmonized run_common,사후 재추정
적립식,,EX,3,-0.933828347955276,0.3976751901160336,0.0254205575920057,-1.744892245495175,-0.1227644504153772,9.788196224072388,%,-0.0063721630366993,14803,74,506,32,,,0.3050466911040692,,harmonized run_common,사후 재추정
적립식,,EX,4,-0.9986838764924773,0.4601060775406226,0.0380094167961968,-1.9383458456304925,-0.0590219073544621,10.502547350449753,%,0.0276477224608464,14242,73,505,31,,,0.3663523684125995,,harmonized run_common,사후 재추정
적립식,,EX,5,-1.1277276996596703,0.5147069993050329,0.0366352368412599,-2.180421711651501,-0.0750336876678399,11.937754784941967,%,-0.011656762268241,13733,74,502,30,,,0.3663523684125995,,harmonized run_common,사후 재추정
적립식,,EX,6,-1.057314240199141,0.5385231677095197,0.0596062193926583,-2.16042894295752,0.0458004625592374,11.1523307952333,%,0.0239797321489432,13201,74,498,29,,,0.3663523684125995,,harmonized run_common,사후 재추정
적립식,,EX,7,-1.0576541488143152,0.5816428938563758,0.0801152830947363,-2.25108678812273,0.1357784904940997,11.15610902292894,%,0.0034859553678141,12654,72,497,28,,,0.3663523684125995,,harmonized run_common,사후 재추정
적립식,,EX,8,-1.1786560596587907,0.5929188155247876,0.0574501244821297,-2.397418139695255,0.0401060203776735,12.509289543333214,%,0.0090380972396499,12143,73,492,27,,,0.3663523684125995,,harmonized run_common,사후 재추정
적립식,,EX,9,-1.2232567590240782,0.6226710947858412,0.0606766147901627,-2.5056718844206207,0.0591583663724641,13.012209538698729,%,0.0107046882526172,11622,72,485,26,,,0.3663523684125995,,harmonized run_common,사후 재추정
적립식,,EX,10,-1.512269413735252,0.7137645417773892,0.0446573406096596,-2.985407024850692,-0.0391318026198124,16.326062009162822,%,-0.0026341970847675,11095,71,476,25,,,0.3663523684125995,,harmonized run_common,사후 재추정
적립식,,EX,11,-1.6017393693449251,0.7239552556473222,0.03713660011163,-3.099354918542626,-0.1041238201472241,17.37150056280661,%,0.0340218895538299,10639,72,474,24,,,0.3663523684125995,,harmonized run_common,사후 재추정
적립식,,EX,12,-1.825640775921795,0.8027966804469738,0.0330667323863016,-3.490539190503528,-0.1607423613400622,20.029106025052545,%,0.0237353907828137,10152,72,473,23,,,0.3637340562493183,,harmonized run_common,사후 재추정
적립식,,HOLD,-6,-0.0089749207262212,0.1409405646253669,0.949662926177978,-0.2972307412769417,0.2792808998244991,0.0897492072622127,%p,-0.0014024017500776,15230,139,501,30,,,,,harmonized run_common,사후 재추정
적립식,,HOLD,-5,0.0345972554340433,0.0966265421714196,0.7228120702902779,-0.162740470190277,0.2319349810583636,-0.3459725543404333,%p,-0.000522987133182,15809,138,504,31,,,,,harmonized run_common,사후 재추정
적립식,,HOLD,-4,0.0371301538823584,0.0659908423481895,0.5777157731694977,-0.0974590564257996,0.1717193641905166,-0.3713015388235849,%p,0.0005444900829798,16442,141,506,32,,,,,harmonized run_common,사후 재추정
적립식,,HOLD,-3,0.0175752074057141,0.0423792624985357,0.6811195993412615,-0.0687485254488015,0.1038989402602297,-0.1757520740571412,%p,0.0005356627350659,17052,140,513,33,,,,,harmonized run_common,사후 재추정
적립식,,HOLD,-2,0.0247373034797632,0.0210127477028231,0.2475162010075076,-0.0180134531630738,0.0674880601226003,-0.2473730347976325,%p,0.0012466788117336,17645,140,514,34,,,,,harmonized run_common,사후 재추정
적립식,,HOLD,0,-0.0272903296204218,0.0161868474831661,0.1009614207780532,-0.0601859615412496,0.0056053023004059,0.2729032962042185,%p,-0.002418564875038,18780,142,518,35,,,,,harmonized run_common,사후 재추정
적립식,,HOLD,1,-0.0418126314703198,0.0367345652792139,0.2632180340177725,-0.1165496664760319,0.0329244035353923,0.418126314703198,%p,0.0039716490457208,17645,140,514,34,,,0.317511572187456,,harmonized run_common,사후 재추정
적립식,,HOLD,2,-0.1067956521400612,0.0540837845239118,0.05699190043637,-0.2169607161773288,0.0033694118972062,1.0679565214006128,%p,0.0011891800784881,17056,140,513,33,,,0.317511572187456,,harmonized run_common,사후 재추정
적립식,,HOLD,3,-0.1572874089939009,0.0652309415036267,0.0220140835995182,-0.2903267913116452,-0.0242480266761566,1.5728740899390092,%p,-0.0004315414271494,16455,140,506,32,,,0.231232455123262,,harmonized run_common,사후 재추정
적립식,,HOLD,4,-0.1787733950364577,0.0781512693615157,0.0293875679232422,-0.3383795798784601,-0.0191672101944552,1.787733950364577,%p,0.002582995355108,15828,138,505,31,,,0.2351005433859379,,harmonized run_common,사후 재추정
적립식,,HOLD,5,-0.2123980183469982,0.0905526639488992,0.0260477335602362,-0.3975990108293683,-0.0271970258646281,2.1239801834699827,%p,-0.0005505925867398,15261,139,502,30,,,0.2344296020421265,,harmonized run_common,사후 재추정
적립식,,HOLD,6,-0.2498066061670922,0.0966323974695781,0.0152356768571519,-0.4477490992725729,-0.0518641130616116,2.4980660616709227,%p,0.0042144289316662,14674,139,498,29,,,0.1828281222858232,,harmonized run_common,사후 재추정
적립식,,HOLD,7,-0.2591302936591377,0.1057385821735298,0.0210211322839329,-0.4760879433321445,-0.0421726439861309,2.591302936591377,%p,-0.001112291699064,14068,137,497,28,,,0.231232455123262,,harmonized run_common,사후 재추정
적립식,,HOLD,8,-0.2702374730562839,0.1224834514101419,0.0363985655442587,-0.5220058131764147,-0.0184691329361532,2.7023747305628394,%p,0.0033196345339631,13499,138,492,27,,,0.2547899588098112,,harmonized run_common,사후 재추정
적립식,,HOLD,9,-0.2655749523270587,0.1307022593931688,0.052918595364576,-0.5347612944792518,0.0036113898251343,2.6557495232705874,%p,0.0057180093754175,12923,137,485,26,,,0.317511572187456,,harmonized run_common,사후 재추정
적립식,,HOLD,10,-0.280277509788795,0.1480766616923478,0.0705075196241971,-0.5858927188663112,0.0253376992887212,2.80277509788795,%p,-0.0014781020094493,12345,135,476,25,,,0.317511572187456,,harmonized run_common,사후 재추정
적립식,,HOLD,11,-0.2995566647972513,0.1556046424116423,0.0666693217002816,-0.62144939253863,0.0223360629441273,2.995566647972513,%p,0.001237788632053,11835,136,474,24,,,0.317511572187456,,harmonized run_common,사후 재추정
적립식,,HOLD,12,-0.3174587584503207,0.1692320257227529,0.0740040142423778,-0.668424498823579,0.0335069819229377,3.174587584503207,%p,0.010101156350561,11293,136,473,23,,,0.317511572187456,,harmonized run_common,사후 재추정
적립식,,POS,-6,-0.2588790456214941,0.2730821561604349,0.3509680567954942,-0.8173947661383276,0.2996366748953392,2.622590678338388,%,0.0022448984746724,8004,124,405,30,,,,,harmonized run_common,사후 재추정
적립식,,POS,-5,-0.2329902389509305,0.2303352051947793,0.3198536129869631,-0.7033974842367221,0.237417006334861,2.3572566445988707,%,0.0033592538118657,8523,126,436,31,,,,,harmonized run_common,사후 재추정
적립식,,POS,-4,-0.1068877041495651,0.1866831341638166,0.5710708162706698,-0.487630466492094,0.2738550581929638,1.074609939815896,%,0.0014513866479694,9080,132,455,32,,,,,harmonized run_common,사후 재추정
적립식,,POS,-3,0.0481293274045469,0.1115275154695723,0.6689645806437412,-0.1790447875686873,0.2753034423777811,-0.480136913872331,%,0.0066788508035349,9661,132,472,33,,,,,harmonized run_common,사후 재추정
적립식,,POS,-2,0.0197288908523858,0.0490747236570713,0.6902632978983881,-0.0801143851460248,0.1195721668507964,-0.1970944218779413,%,-0.0005490351367359,10263,131,495,34,,,,,harmonized run_common,사후 재추정
적립식,,POS,0,-0.076291374523615,0.052473523948301,0.1551427723764811,-0.1829304054521016,0.0303476564048715,0.7658313470250366,%,-0.0042291620443751,10900,138,502,35,,,,,harmonized run_common,사후 재추정
적립식,,POS,1,-0.141473022765944,0.0996990251371055,0.1652754626329372,-0.3443122145481713,0.0613661690162832,1.4247848952659403,%,-0.0035902910884996,9996,131,483,34,,,1.0,,harmonized run_common,사후 재추정
적립식,,POS,2,-0.0625173272246092,0.1124917548378189,0.5822466986226653,-0.2916555335181017,0.1666208790688833,0.6271315591161786,%,0.0078260761393697,9430,131,466,33,,,1.0,,harmonized run_common,사후 재추정
적립식,,POS,3,-0.0810406234124998,0.1566387657966917,0.6085683289120655,-0.4005074924817906,0.2384262456567908,0.8136989141310558,%,0.0049677953754213,8878,128,442,32,,,1.0,,harmonized run_common,사후 재추정
적립식,,POS,4,-0.1390594782039801,0.2185429114128295,0.5294042929484674,-0.5853836467022833,0.3072646902943229,1.400308525322003,%,0.0012280483416336,8332,124,429,31,,,1.0,,harmonized run_common,사후 재추정
적립식,,POS,5,-0.1381358733676275,0.271477308749792,0.6147208519394104,-0.6933693123891141,0.417097565653859,1.3909435762681,%,-0.0184034716646752,7829,121,388,30,,,1.0,,harmonized run_common,사후 재추정
적립식,,POS,6,-0.1103997869757827,0.2797412997619563,0.6960916713805795,-0.6834238632632585,0.462624289311693,1.110114414357355,%,0.0084563669822125,7374,118,370,29,,,1.0,,harmonized run_common,사후 재추정
적립식,,POS,7,-0.0088530486218641,0.3073630282098704,0.9772333732795472,-0.6395098895406667,0.6218037922969385,0.0885696860206675,%,0.0055937026656667,6923,113,363,28,,,1.0,,harmonized run_common,사후 재추정
적립식,,POS,8,-0.1147413638396023,0.2966292982665449,0.7020393573128494,-0.7244716187904631,0.4949888911112582,1.1540216783497037,%,0.0015550389376475,6505,110,353,27,,,1.0,,harmonized run_common,사후 재추정
적립식,,POS,9,-0.12279083569489,0.284362328395452,0.6695800150341573,-0.7084460139760171,0.4628643425862369,1.2354781030662787,%,-0.020301447775349,6102,106,328,26,,,1.0,,harmonized run_common,사후 재추정
적립식,,POS,10,-0.2383054813923212,0.2838193307855065,0.4093977985827038,-0.8240797899627565,0.3474688271781141,2.4116764695159665,%,-0.0153915320553985,5714,98,309,25,,,1.0,,harmonized run_common,사후 재추정
적립식,,POS,11,-0.3376081629906696,0.2974393404607929,0.26804561632859,-0.9529083182729112,0.2776919922915721,3.433718054428714,%,-0.0207114655011828,5360,87,277,24,,,1.0,,harmonized run_common,사후 재추정
적립식,,POS,12,-0.3730828973542442,0.301323670970254,0.2287120610113437,-0.997989943301428,0.2518241485929395,3.801298026257194,%,-0.0074567883278576,5049,83,267,23,,,1.0,,harmonized run_common,사후 재추정
적립식,,RAW,-6,-0.5344554655750121,0.4113966774697994,0.2041355004740387,-1.3758561450111535,0.3069452138611293,5.489954729174018,%,0.0210045026849965,15230,139,501,30,,,,,harmonized run_common,사후 재추정
적립식,,RAW,-5,-0.3160924706825032,0.3210924856846863,0.3327783514273725,-0.9718508101216374,0.3396658687566311,3.211412487901222,%,0.016848430233444,15809,138,504,31,,,,,harmonized run_common,사후 재추정
적립식,,RAW,-4,-0.1039901377328202,0.2357948759988661,0.6622594518150802,-0.5848969579238816,0.376916682458241,1.0453271429285094,%,0.0055541543782249,16442,141,506,32,,,,,harmonized run_common,사후 재추정
적립식,,RAW,-3,-0.0032630959492856,0.1365721205120634,0.9810864579740876,-0.2814514020073589,0.2749252101087877,0.032636283969567,%,0.0019529683949157,17052,140,513,33,,,,,harmonized run_common,사후 재추정
적립식,,RAW,-2,0.0313965244698356,0.0485054611104398,0.5219295455257875,-0.0672885781691882,0.1300816271088595,-0.3134728892337679,%,0.0028945827450523,17645,140,514,34,,,,,harmonized run_common,사후 재추정
적립식,,RAW,0,-0.0909028861329213,0.0472681795102202,0.0628714191114493,-0.1869633844080107,0.005157612142168,0.9131730765353564,%,-0.0019392630034297,18780,142,518,35,,,,,harmonized run_common,사후 재추정
적립식,,RAW,1,-0.1621610945938118,0.128602810106709,0.216170774028883,-0.4238054790508838,0.0994832898632601,1.6348304156949656,%,0.0186283999677337,17645,140,514,34,,,0.4310740036733517,,harmonized run_common,사후 재추정
적립식,,RAW,2,-0.3188495423321932,0.194381557609155,0.1107317994240719,-0.7147918183799916,0.0770927337156052,3.2398725369701564,%,0.022121176491768,17056,140,513,33,,,0.4310740036733517,,harmonized run_common,사후 재추정
적립식,,RAW,3,-0.5151182837757716,0.2555442572702646,0.0525624309112517,-1.0363042326278595,0.0060676650763161,5.286163986349313,%,0.0273685984842909,16455,140,506,32,,,0.4310740036733517,,harmonized run_common,사후 재추정
적립식,,RAW,4,-0.5957866816465611,0.3043858142094996,0.0596681865671391,-1.217425446095448,0.0258520828023258,6.138925524001881,%,0.0378915601220142,15828,138,505,31,,,0.4310740036733517,,harmonized run_common,사후 재추정
적립식,,RAW,5,-0.7200843858076043,0.3448477359947069,0.0456785460148798,-1.4253771974863318,-0.0147915741288766,7.466441266798718,%,0.0256087204541391,15261,139,502,30,,,0.4310740036733517,,harmonized run_common,사후 재추정
적립식,,RAW,6,-0.8142748280958514,0.3672478714646017,0.0348976129811047,-1.5665479908130435,-0.062001665378659,8.483454557818737,%,0.0522998153794344,14674,139,498,29,,,0.4187713557732575,,harmonized run_common,사후 재추정
적립식,,RAW,7,-0.8672164036995839,0.4001121453272548,0.0391885457884865,-1.68817871349644,-0.0462540939027278,9.059306038174132,%,0.0347984514607453,14068,137,497,28,,,0.4310740036733517,,harmonized run_common,사후 재추정
적립식,,RAW,8,-0.9472512694855796,0.437671539727425,0.0398080471530607,-1.8468980038514555,-0.0476045351197034,9.93566300797124,%,0.0506411985954225,13499,138,492,27,,,0.4310740036733517,,harmonized run_common,사후 재추정
적립식,,RAW,9,-0.9595215155047452,0.4677712875815971,0.0508588566391387,-1.9229145161500945,0.0038714851406035,10.070639563952533,%,0.0461636970927777,12923,137,485,26,,,0.4310740036733517,,harmonized run_common,사후 재추정
적립식,,RAW,10,-1.0886861813517028,0.5256932246638546,0.0492819411964198,-2.1736636715930304,-0.0037086911103754,11.501584785636766,%,0.0369741520071907,12345,135,476,25,,,0.4310740036733517,,harmonized run_common,사후 재추정
적립식,,RAW,11,-1.1657148802100574,0.5353515672816553,0.0399569098290642,-2.273173974117019,-0.0582557863030956,12.363783424117305,%,0.0440306789959901,11835,136,474,24,,,0.4310740036733517,,harmonized run_common,사후 재추정
적립식,,RAW,12,-1.2767173270058547,0.582324651314686,0.039216102067658,-2.4843847381439845,-0.0690499158677251,13.617997074266942,%,0.0725124564587405,11293,136,473,23,,,0.4310740036733517,,harmonized run_common,사후 재추정
적립식,1차 금속,업종_C1,-6,-1.836027718230821,1.5294578047263645,0.2416823484974399,-4.99267348147632,1.3206180450146787,20.15384433628842,%,-0.0270510087163272,566,11,14,30,,,,,harmonized run_common,사후 재추정 · 탐색적
적립식,1차 금속,업종_C1,-5,-1.153943392749984,1.2771334372910623,0.3752186284663628,-3.7898172569820634,1.4819304714820944,12.23159235690201,%,0.0248399812748714,590,11,14,31,,,,,harmonized run_common,사후 재추정 · 탐색적
적립식,1차 금속,업종_C1,-4,-0.3543335995996213,1.0062698080282448,0.727817127987888,-2.4311724089988243,1.7225052097995814,3.606860217434682,%,0.0297502805226632,611,11,14,32,,,,,harmonized run_common,사후 재추정 · 탐색적
적립식,1차 금속,업종_C1,-3,-0.1774982756644174,0.618643944640397,0.7766398536070984,-1.45431662316762,1.099320071838785,1.790829193907406,%,-0.0105041411845196,633,11,14,33,,,,,harmonized run_common,사후 재추정 · 탐색적
적립식,1차 금속,업종_C1,-2,-0.0771688721325414,0.2218524501861872,0.730993614957165,-0.5350498249654663,0.3807120807003834,0.774673912592716,%,0.021613449484196,655,11,14,34,,,,,harmonized run_common,사후 재추정 · 탐색적
적립식,1차 금속,업종_C1,0,0.0334066440027737,0.1698583327479099,0.845738966701182,-0.3171637246361719,0.3839770126417194,-0.3335090589431044,%,-0.020980303610408,695,11,14,35,,,,,harmonized run_common,사후 재추정 · 탐색적
적립식,1차 금속,업종_C1,1,-0.4579218653996716,0.4274918901337518,0.2947417277266499,-1.3402217625543675,0.4243780317550242,4.68568374088234,%,-0.0177037132423959,655,11,14,34,,,0.5625062005827322,1.0,harmonized run_common,사후 재추정 · 탐색적
적립식,1차 금속,업종_C1,2,-1.0793817502825338,0.4929549229695418,0.0385101230981033,-2.096790706746825,-0.0619727938182428,11.397887154516816,%,0.0201732437206143,634,11,14,33,,,0.4621214771772399,1.0,harmonized run_common,사후 재추정 · 탐색적
적립식,1차 금속,업종_C1,3,-1.2003270662300416,0.7863742787009422,0.1399806262868534,-2.823323808942192,0.4226696764821083,12.753372879690003,%,-0.0246507509227822,613,11,14,32,,,0.5625062005827322,1.0,harmonized run_common,사후 재추정 · 탐색적
적립식,1차 금속,업종_C1,4,-1.718126233250702,0.9364991561290388,0.0789878139596272,-3.650965494551284,0.2147130280498799,18.745531093902336,%,-0.0749699628980386,590,11,14,31,,,0.5625062005827322,1.0,harmonized run_common,사후 재추정 · 탐색적
적립식,1차 금속,업종_C1,5,-2.2325832042663576,1.0403053354798029,0.0421873079862407,-4.379667889817082,-0.0854985187156329,25.01434696233158,%,-0.0669805581376229,567,11,14,30,,,0.4640603878486479,1.0,harmonized run_common,사후 재추정 · 탐색적
적립식,1차 금속,업종_C1,6,-2.28349339359488,1.2115203544762037,0.0716206504126428,-4.783948510581391,0.2169617233916314,25.652420212938164,%,-0.0384554173742796,543,11,14,29,,,0.5625062005827322,1.0,harmonized run_common,사후 재추정 · 탐색적
적립식,1차 금속,업종_C1,7,-2.7566110687970924,1.4552991804815514,0.0703132750728415,-5.76020095413141,0.2469788165372244,31.74013301205028,%,-0.0786793498672535,519,11,14,28,,,0.5625062005827322,1.0,harmonized run_common,사후 재추정 · 탐색적
적립식,1차 금속,업종_C1,8,-3.1848494202880038,1.5604378960641012,0.0523956118574625,-6.405434949484563,0.0357361089085559,37.50429156713304,%,-0.1037841155172974,498,11,14,27,,,0.4932813994448573,1.0,harmonized run_common,사후 재추정 · 탐색적
적립식,1차 금속,업종_C1,9,-3.68269745794701,1.770057808218145,0.0493281399444857,-7.353572675043849,-0.0118222408501713,44.5231831607998,%,0.0850545015048537,474,11,12,26,,,0.4932813994448573,1.0,harmonized run_common,사후 재추정 · 탐색적
적립식,1차 금속,업종_C1,10,-3.3290188923200827,2.01427113981851,0.1132624676851791,-7.51792504172206,0.8598872570818945,39.50104262113201,%,-0.0334306693880392,453,11,11,25,,,0.5625062005827322,1.0,harmonized run_common,사후 재추정 · 탐색적
적립식,1차 금속,업종_C1,11,-3.60927535597988,2.062662001879108,0.0947503969048934,-7.898815812081384,0.6802651001216238,43.46594953692793,%,-0.0121510814493621,434,11,11,24,,,0.5625062005827322,1.0,harmonized run_common,사후 재추정 · 탐색적
적립식,1차 금속,업종_C1,12,-3.5074474017863984,2.260930900289332,0.1357637498195807,-8.20931060400071,1.194415800427913,42.012477884495695,%,0.0799158507079124,416,11,11,23,,,0.5625062005827322,1.0,harmonized run_common,사후 재추정 · 탐색적
적립식,기타 기계,업종_C1,-6,-0.7992483174235814,2.296140093596004,0.7302916438713026,-5.49538209933549,3.896885464488328,8.320564193390933,%,-0.0284744624598697,724,12,21,30,,,,,harmonized run_common,사후 재추정 · 탐색적
적립식,기타 기계,업종_C1,-5,-0.8289740063526566,2.048679205481964,0.6886141032185805,-5.012935119505575,3.354987106800261,8.643033576753979,%,0.0867135133708868,751,12,21,31,,,,,harmonized run_common,사후 재추정 · 탐색적
적립식,기타 기계,업종_C1,-4,0.3001553727849871,1.4664493756805024,0.8391587805456203,-2.690687847375016,3.29099859294499,-2.956954441687887,%,0.0744660151805599,782,12,21,32,,,,,harmonized run_common,사후 재추정 · 탐색적
적립식,기타 기계,업종_C1,-3,0.5381552956825686,0.8318302145515839,0.5222761729123353,-1.1562274044351228,2.23253799580026,-5.239310416723198,%,0.0740421754407136,815,12,22,33,,,,,harmonized run_common,사후 재추정 · 탐색적
적립식,기타 기계,업종_C1,-2,0.4737300413708451,0.4160098426279935,0.2630080535609351,-0.3726483473452995,1.32010843008699,-4.626841459223674,%,-0.0247116587801634,842,12,22,34,,,,,harmonized run_common,사후 재추정 · 탐색적
적립식,기타 기계,업종_C1,0,-0.4221153079102532,0.3782647159809314,0.2725141934777603,-1.1917006590587875,0.3474700432382809,4.311510637875493,%,0.0059016966766742,920,12,22,35,,,,,harmonized run_common,사후 재추정 · 탐색적
적립식,기타 기계,업종_C1,1,-0.6043091876699894,0.9993276698770128,0.5495036225292139,-2.6374566191991744,1.4288382438591951,6.22942104416504,%,0.0546762023178973,842,12,22,34,,,1.0,1.0,harmonized run_common,사후 재추정 · 탐색적
적립식,기타 기계,업종_C1,2,-0.5838674928978009,1.0180642732615843,0.5703101098208686,-2.6575965568897986,1.4898615710941967,6.0124918995908105,%,-0.0193035805111099,814,12,22,33,,,1.0,1.0,harmonized run_common,사후 재추정 · 탐색적
적립식,기타 기계,업종_C1,3,-1.0890813375539596,1.094087357084026,0.3272367637295015,-3.32048721385914,1.1423245387512204,11.505990926970844,%,-0.045133269116698,785,12,21,32,,,1.0,1.0,harmonized run_common,사후 재추정 · 탐색적
적립식,기타 기계,업종_C1,4,-0.6101028163978092,1.1939376520339895,0.6130909671749776,-3.048448797687798,1.8282431648921795,6.290984258713528,%,-0.0281262832069083,754,12,21,31,,,1.0,1.0,harmonized run_common,사후 재추정 · 탐색적
적립식,기타 기계,업종_C1,5,-0.9284293432613216,1.2579699143042349,0.4664222744284222,-3.5012667009074794,1.6444080143848363,9.728937523736448,%,-0.1639122216668024,725,12,21,30,,,1.0,1.0,harmonized run_common,사후 재추정 · 탐색적
적립식,기타 기계,업종_C1,6,-1.269579391508773,1.2357127009869635,0.3130232869175766,-3.8008221134175617,1.2616633304000155,13.53692621819378,%,0.0235777314437043,701,12,21,29,,,1.0,1.0,harmonized run_common,사후 재추정 · 탐색적
적립식,기타 기계,업종_C1,7,-1.2219057079533897,1.3116056448153193,0.3597938474270863,-3.913098195573263,1.4692867796664837,12.996942043410442,%,0.0290888193533411,677,12,20,28,,,1.0,1.0,harmonized run_common,사후 재추정 · 탐색적
적립식,기타 기계,업종_C1,8,-1.6421155906089986,1.4720647016604906,0.2748328802098336,-4.667987920459176,1.383756739241179,17.846360337542965,%,-0.0379414097570396,651,12,19,27,,,1.0,1.0,harmonized run_common,사후 재추정 · 탐색적
적립식,기타 기계,업종_C1,9,-1.6623885515045551,1.6408763435100058,0.3207129037094376,-5.0418366412642746,1.7170595382551646,18.085512136869355,%,-0.1067658549604675,628,12,19,26,,,1.0,1.0,harmonized run_common,사후 재추정 · 탐색적
적립식,기타 기계,업종_C1,10,-2.21030244358062,2.057435528917534,0.2933710835708768,-6.456640672355912,2.036035785194673,24.736115563100025,%,0.0483015670725948,602,12,19,25,,,1.0,1.0,harmonized run_common,사후 재추정 · 탐색적
적립식,기타 기계,업종_C1,11,-1.5582529263792997,2.186921068472666,0.4833014204907372,-6.0822438380610375,2.965737985302438,16.86220183840139,%,0.123777244205128,573,12,19,24,,,1.0,1.0,harmonized run_common,사후 재추정 · 탐색적
적립식,기타 기계,업종_C1,12,-1.1877235837047702,2.2303526629099104,0.5996988355247822,-5.813191903241657,3.4377447358321174,12.611353878713905,%,-0.0945304157820813,543,12,18,23,,,1.0,1.0,harmonized run_common,사후 재추정 · 탐색적
적립식,도매·상품중개,업종_C1,-6,-0.2745333645227267,0.7872150944625234,0.7298038417339492,-1.884569010451776,1.3355022814063229,2.783365162353002,%,0.007025953934951,3145,24,101,30,,,,,harmonized run_common,사후 재추정 · 탐색적
적립식,도매·상품중개,업종_C1,-5,-0.0454064959348791,0.641477054819712,0.9440392063602068,-1.355477416342416,1.2646644244726577,0.4550973963387328,%,0.0158276024068376,3241,23,101,31,,,,,harmonized run_common,사후 재추정 · 탐색적
적립식,도매·상품중개,업종_C1,-4,-0.2568052387853909,0.3459948580702563,0.4635394773444536,-0.9624664042036956,0.4488559266329137,2.601310941909052,%,0.0035799886297615,3382,24,101,32,,,,,harmonized run_common,사후 재추정 · 탐색적
적립식,도매·상품중개,업종_C1,-3,-0.1083308291376737,0.1625219224529049,0.5098300476362282,-0.4393771520252328,0.2227154937498853,1.0891973218881246,%,0.0252441761135526,3502,24,102,33,,,,,harmonized run_common,사후 재추정 · 탐색적
적립식,도매·상품중개,업종_C1,-2,-0.045407882435553,0.097124199448049,0.6431978489354369,-0.2430085519651293,0.1521927870940232,0.4551113244457339,%,0.0125357013541687,3604,24,102,34,,,,,harmonized run_common,사후 재추정 · 탐색적
적립식,도매·상품중개,업종_C1,0,-0.0425454199886763,0.1252709294404895,0.7362263684467366,-0.2971265785212386,0.2120357385438859,0.426360541167603,%,0.0012891001218206,3826,25,103,35,,,,,harmonized run_common,사후 재추정 · 탐색적
적립식,도매·상품중개,업종_C1,1,-0.0014750111805625,0.2248225653447236,0.9948047953742168,-0.4588799595862062,0.4559299372250812,0.0147511996881011,%,0.0225923331836197,3604,24,102,34,,,1.0,1.0,harmonized run_common,사후 재추정 · 탐색적
적립식,도매·상품중개,업종_C1,2,-0.0110295891502322,0.3470492754173189,0.9748440632946148,-0.7179458300714372,0.6958866517709728,0.1103567397897409,%,-0.0059615915038194,3501,24,102,33,,,1.0,1.0,harmonized run_common,사후 재추정 · 탐색적
적립식,도매·상품중개,업종_C1,3,-0.4883346681023757,0.4812895432759045,0.3181325302167357,-1.4699311632235692,0.4932618270188177,5.004546875729732,%,0.0005502729957252,3385,24,101,32,,,1.0,1.0,harmonized run_common,사후 재추정 · 탐색적
적립식,도매·상품중개,업종_C1,4,-0.6991703532652809,0.5938229796471665,0.2482905132905674,-1.9119186685174197,0.5135779619868577,7.241920465417118,%,-0.0043646055658466,3247,23,101,31,,,1.0,1.0,harmonized run_common,사후 재추정 · 탐색적
적립식,도매·상품중개,업종_C1,5,-0.8525788725559478,0.7563304251749641,0.2688747720838667,-2.3994482773706154,0.6942905322587198,8.899786916098073,%,-0.0036452021286045,3150,24,101,30,,,1.0,1.0,harmonized run_common,사후 재추정 · 탐색적
적립식,도매·상품중개,업종_C1,6,-1.3232781372154854,0.8250521344974681,0.1199642806537665,-3.01332082187351,0.3667645474425391,14.14824515515618,%,-0.0110285964315686,3038,24,100,29,,,1.0,1.0,harmonized run_common,사후 재추정 · 탐색적
적립식,도매·상품중개,업종_C1,7,-1.4489489590590534,0.9207604299215214,0.1272161617321546,-3.3381933075395374,0.4402953894214307,15.591807216133711,%,-0.0522709070146788,2910,23,100,28,,,1.0,1.0,harmonized run_common,사후 재추정 · 탐색적
적립식,도매·상품중개,업종_C1,8,-1.424652942913064,0.9580048531825556,0.1490151604123645,-3.393860120992551,0.5445542351664228,15.31130606569333,%,-0.0322229032381273,2808,24,99,27,,,1.0,1.0,harmonized run_common,사후 재추정 · 탐색적
적립식,도매·상품중개,업종_C1,9,-1.542132595916267,1.0033470478046356,0.136857455800412,-3.60856452266112,0.5242993308285855,16.67396786762765,%,-0.0267026545909979,2691,24,99,26,,,1.0,1.0,harmonized run_common,사후 재추정 · 탐색적
적립식,도매·상품중개,업종_C1,10,-1.2306836164376116,1.0170879203690562,0.238059630241386,-3.3298499123365453,0.8684826794613221,13.096173270795862,%,-0.0485615058706268,2566,23,96,25,,,1.0,1.0,harmonized run_common,사후 재추정 · 탐색적
적립식,도매·상품중개,업종_C1,11,-1.111536057296807,1.057855885171434,0.3042914869529644,-3.2998776848832727,1.0768055702896588,11.75665582974521,%,-0.0454255681049151,2479,24,96,24,,,1.0,1.0,harmonized run_common,사후 재추정 · 탐색적
적립식,도매·상품중개,업종_C1,12,-0.9381900399057806,1.0996922805127196,0.4027757344754991,-3.218812243443068,1.3424321636315066,9.836092898012993,%,-0.0410318873846049,2367,24,96,23,,,1.0,1.0,harmonized run_common,사후 재추정 · 탐색적
적립식,1차 금속,업종_HOLD,-6,-0.060947343084173,0.2938901784756725,0.8374616258880225,-0.667506859716717,0.5456121735483709,0.6094734308417308,%p,-0.0085965131237405,566,11,14,30,,,,,harmonized run_common,사후 재추정 · 탐색적
적립식,1차 금속,업종_HOLD,-5,0.1441718822538352,0.2348126787140973,0.5450006161124213,-0.3404576675962136,0.6288014321038841,-1.4417188225383524,%p,0.0062642548670335,590,11,14,31,,,,,harmonized run_common,사후 재추정 · 탐색적
적립식,1차 금속,업종_HOLD,-4,0.2449906774857183,0.144145991008754,0.1021326700031132,-0.0525120260216953,0.542493380993132,-2.4499067748571832,%p,0.0035494076152935,611,11,14,32,,,,,harmonized run_common,사후 재추정 · 탐색적
적립식,1차 금속,업종_HOLD,-3,0.2195439913453371,0.1139396494899512,0.0659192582711641,-0.0156158873493744,0.4547038700400487,-2.1954399134533715,%p,-0.0005641027215647,633,11,14,33,,,,,harmonized run_common,사후 재추정 · 탐색적
적립식,1차 금속,업종_HOLD,-2,0.1294856405654432,0.0735386837760753,0.0910140403927169,-0.0222907431040168,0.2812620242349033,-1.2948564056544325,%p,0.0032431790896348,655,11,14,34,,,,,harmonized run_common,사후 재추정 · 탐색적
적립식,1차 금속,업종_HOLD,0,-0.1521964204988423,0.104597731406318,0.1586073545821489,-0.3680755278978965,0.0636826869002118,1.5219642049884234,%p,-0.0060113604833983,695,11,14,35,,,,,harmonized run_common,사후 재추정 · 탐색적
적립식,1차 금속,업종_HOLD,1,-0.2402317554356965,0.1692922041676389,0.1687460029696071,-0.5896336921121244,0.1091701812407311,2.4023175543569657,%p,-0.0117401096663492,655,11,14,34,,,0.5556544152869317,1.0,harmonized run_common,사후 재추정 · 탐색적
적립식,1차 금속,업종_HOLD,2,-0.4751365813002611,0.2299450458426174,0.049754033637345,-0.9497198306683294,-0.0005533319321928,4.751365813002612,%p,-0.0155349378321164,634,11,14,33,,,0.5556544152869317,1.0,harmonized run_common,사후 재추정 · 탐색적
적립식,1차 금속,업종_HOLD,3,-0.6069654788669466,0.3518088100654915,0.0973347163097494,-1.333063175929181,0.119132218195288,6.0696547886694665,%p,0.0005525414712609,613,11,14,32,,,0.5556544152869317,1.0,harmonized run_common,사후 재추정 · 탐색적
적립식,1차 금속,업종_HOLD,4,-0.6529095562949957,0.3794385297010058,0.0981700673772882,-1.436032191971154,0.1302130793811625,6.529095562949958,%p,-0.0332918423871995,590,11,14,31,,,0.5556544152869317,1.0,harmonized run_common,사후 재추정 · 탐색적
적립식,1차 금속,업종_HOLD,5,-0.7560245377184636,0.4119551519999119,0.0788984204159206,-1.606258183386336,0.0942091079494088,7.5602453771846365,%p,-0.0213545788590342,567,11,14,30,,,0.5556544152869317,1.0,harmonized run_common,사후 재추정 · 탐색적
적립식,1차 금속,업종_HOLD,6,-0.7423929887883196,0.4387600880171163,0.1035864383092808,-1.6479493033466317,0.1631633257699921,7.423929887883196,%p,-0.0106577076713317,543,11,14,29,,,0.5556544152869317,1.0,harmonized run_common,사후 재추정 · 탐색적
적립식,1차 금속,업종_HOLD,7,-0.7437409806953299,0.4223406618989534,0.0909768441079364,-1.6154092653056078,0.1279273039149479,7.4374098069532995,%p,-0.030220139470306,519,11,14,28,,,0.5556544152869317,1.0,harmonized run_common,사후 재추정 · 탐색적
적립식,1차 금속,업종_HOLD,8,-0.8659783600766842,0.4264855856564594,0.0535275519285434,-1.7462013468681363,0.014244626714768,8.659783600766842,%p,-0.0235374775399418,498,11,14,27,,,0.5556544152869317,1.0,harmonized run_common,사후 재추정 · 탐색적
적립식,1차 금속,업종_HOLD,9,-0.9862128733334484,0.4670322955667521,0.0463045346072443,-1.954778572950728,-0.0176471737161689,9.862128733334483,%p,0.0061439824736045,474,11,12,26,,,0.5556544152869317,1.0,harmonized run_common,사후 재추정 · 탐색적
적립식,1차 금속,업종_HOLD,10,-0.9953992824891564,0.5032473294279912,0.0612039856977597,-2.0419593960898386,0.0511608311115253,9.953992824891566,%p,-0.0106050995055061,453,11,11,25,,,0.5556544152869317,1.0,harmonized run_common,사후 재추정 · 탐색적
적립식,1차 금속,업종_HOLD,11,-1.0825012177863735,0.5279559702153728,0.0530186430554889,-2.180445762852897,0.0154433272801501,10.825012177863735,%p,-0.0248375573192779,434,11,11,24,,,0.5556544152869317,1.0,harmonized run_common,사후 재추정 · 탐색적
적립식,1차 금속,업종_HOLD,12,-1.1242357289332523,0.5754691124137051,0.0641992938464538,-2.320989262321943,0.0725178044554379,11.242357289332526,%p,0.0216989444971128,416,11,11,23,,,0.5556544152869317,1.0,harmonized run_common,사후 재추정 · 탐색적
적립식,기타 기계,업종_HOLD,-6,0.3712084188710065,0.6631432051848495,0.5799339800504439,-0.9850717213519372,1.7274885590939504,-3.712084188710065,%p,-0.0070448039856445,724,12,21,30,,,,,harmonized run_common,사후 재추정 · 탐색적
적립식,기타 기계,업종_HOLD,-5,0.2453435612528149,0.5207149547917725,0.6409300497574628,-0.8180982485025664,1.3087853710081965,-2.453435612528149,%p,0.0226932796861429,751,12,21,31,,,,,harmonized run_common,사후 재추정 · 탐색적
적립식,기타 기계,업종_HOLD,-4,0.4513598359102028,0.3742532196065786,0.2369310307501937,-0.3119346378345622,1.214654309654968,-4.513598359102029,%p,0.0313205192966853,782,12,21,32,,,,,harmonized run_common,사후 재추정 · 탐색적
적립식,기타 기계,업종_HOLD,-3,0.3405863827971207,0.1917337367467418,0.0851847613922247,-0.049962458648519,0.7311352242427605,-3.405863827971208,%p,0.0187088494792171,815,12,22,33,,,,,harmonized run_common,사후 재추정 · 탐색적
적립식,기타 기계,업종_HOLD,-2,0.247641483324443,0.1198166122945948,0.0466682948055346,0.0038727527225333,0.4914102139263527,-2.476414833244431,%p,-0.0114660678504704,842,12,22,34,,,,,harmonized run_common,사후 재추정 · 탐색적
적립식,기타 기계,업종_HOLD,0,-0.1666540036457093,0.0975630017374165,0.0969971603453045,-0.3651474231455597,0.031839415854141,1.6665400364570937,%p,-0.0011572258194293,920,12,22,35,,,,,harmonized run_common,사후 재추정 · 탐색적
적립식,기타 기계,업종_HOLD,1,-0.1691497839459905,0.2109342082000703,0.4283433789583741,-0.5982986572843974,0.2599990893924161,1.6914978394599056,%p,0.0163507081021911,842,12,22,34,,,1.0,1.0,harmonized run_common,사후 재추정 · 탐색적
적립식,기타 기계,업종_HOLD,2,-0.2775789439448237,0.2158824263815571,0.2077441436621615,-0.7173170565084882,0.1621591686188407,2.7757894394482374,%p,-0.0047642439241464,814,12,22,33,,,1.0,1.0,harmonized run_common,사후 재추정 · 탐색적
적립식,기타 기계,업종_HOLD,3,-0.41423348161312,0.2160041468205932,0.0644012241325612,-0.8547768435311041,0.0263098803048638,4.142334816131201,%p,-0.0121460523401767,785,12,21,32,,,0.772814689590735,1.0,harmonized run_common,사후 재추정 · 탐색적
적립식,기타 기계,업종_HOLD,4,-0.2619332524744161,0.2586371610328495,0.3192812465137383,-0.7901408026277525,0.2662742976789203,2.619332524744161,%p,0.0002222042901837,754,12,21,31,,,1.0,1.0,harmonized run_common,사후 재추정 · 탐색적
적립식,기타 기계,업종_HOLD,5,-0.4103883423203213,0.2714415097342225,0.1413849409890345,-0.965548564134006,0.1447718794933635,4.1038834232032135,%p,-0.0171593035113221,725,12,21,30,,,1.0,1.0,harmonized run_common,사후 재추정 · 탐색적
적립식,기타 기계,업종_HOLD,6,-0.468972827547382,0.295512168863582,0.1237465685665678,-1.0743020647349455,0.1363564096401818,4.68972827547382,%p,0.0181745528283504,701,12,21,29,,,1.0,1.0,harmonized run_common,사후 재추정 · 탐색적
적립식,기타 기계,업종_HOLD,7,-0.4226375777524129,0.332537934523646,0.2145894570186516,-1.1049490596953526,0.2596739041905267,4.2263757775241295,%p,0.0132239414822658,677,12,20,28,,,1.0,1.0,harmonized run_common,사후 재추정 · 탐색적
적립식,기타 기계,업종_HOLD,8,-0.3785370003907193,0.3878083210844119,0.3380133745270926,-1.1756884209303955,0.418614420148957,3.7853700039071936,%p,0.0013049687621556,651,12,19,27,,,1.0,1.0,harmonized run_common,사후 재추정 · 탐색적
적립식,기타 기계,업종_HOLD,9,-0.4080776440281853,0.4884397551527918,0.411365988149581,-1.4140381504627408,0.5978828624063703,4.080776440281853,%p,-0.0153618966073921,628,12,19,26,,,1.0,1.0,harmonized run_common,사후 재추정 · 탐색적
적립식,기타 기계,업종_HOLD,10,-0.475855304228963,0.5717858441226905,0.4134858793997671,-1.65596328547305,0.7042526770151238,4.758553042289631,%p,0.0208709330502338,602,12,19,25,,,1.0,1.0,harmonized run_common,사후 재추정 · 탐색적
적립식,기타 기계,업종_HOLD,11,-0.2980553868699074,0.5863470099297086,0.616065915720246,-1.5110065913074524,0.9148958175676376,2.980553868699074,%p,0.0329213792646829,573,12,19,24,,,1.0,1.0,harmonized run_common,사후 재추정 · 탐색적
적립식,기타 기계,업종_HOLD,12,-0.286496351164875,0.5948586403592895,0.6348314895196414,-1.5201576646160118,0.9471649622862616,2.864963511648751,%p,-0.0155332968901557,543,12,18,23,,,1.0,1.0,harmonized run_common,사후 재추정 · 탐색적
적립식,도매·상품중개,업종_HOLD,-6,-0.2020758091150625,0.2560985724041968,0.4364837529553066,-0.7258562007039943,0.3217045824738692,2.020758091150625,%p,-0.0009874627318803,3145,24,101,30,,,,,harmonized run_common,사후 재추정 · 탐색적
적립식,도매·상품중개,업종_HOLD,-5,-0.1172405720062713,0.2016076884424874,0.5652288007031814,-0.5289784010909249,0.2944972570783821,1.1724057200627134,%p,0.0016944414645466,3241,23,101,31,,,,,harmonized run_common,사후 재추정 · 탐색적
적립식,도매·상품중개,업종_HOLD,-4,-0.147242406509799,0.1085385828151923,0.1847092587721,-0.368608305614194,0.0741234925945959,1.4724240650979907,%p,-0.0025517819634547,3382,24,101,32,,,,,harmonized run_common,사후 재추정 · 탐색적
적립식,도매·상품중개,업종_HOLD,-3,-0.0905402441937078,0.0752479300740753,0.237715533210815,-0.2438152619879459,0.0627347736005303,0.9054024419370784,%p,0.0082370412173792,3502,24,102,33,,,,,harmonized run_common,사후 재추정 · 탐색적
적립식,도매·상품중개,업종_HOLD,-2,-0.0343064773651256,0.0292731408522083,0.2496113558821202,-0.0938631302333325,0.0252501755030813,0.3430647736512561,%p,0.0019462741012401,3604,24,102,34,,,,,harmonized run_common,사후 재추정 · 탐색적
적립식,도매·상품중개,업종_HOLD,0,0.0148693675613506,0.0401138660004803,0.7131761578841521,-0.0666518163656322,0.0963905514883335,-0.1486936756135068,%p,0.0029164925510146,3826,25,103,35,,,,,harmonized run_common,사후 재추정 · 탐색적
적립식,도매·상품중개,업종_HOLD,1,0.0350950086125183,0.0706578932284247,0.6227010206047946,-0.1086595560462538,0.1788495732712904,-0.3509500861251831,%p,0.0102294399882583,3604,24,102,34,,,1.0,1.0,harmonized run_common,사후 재추정 · 탐색적
적립식,도매·상품중개,업종_HOLD,2,0.008902863435569,0.1220206032479967,0.9422905372713288,-0.2396449719093914,0.2574506987805296,-0.0890286343556909,%p,0.0034029175660261,3501,24,102,33,,,1.0,1.0,harmonized run_common,사후 재추정 · 탐색적
적립식,도매·상품중개,업종_HOLD,3,-0.1013439955171273,0.161692087340952,0.5353979481616412,-0.4311171818249015,0.2284291907906467,1.013439955171274,%p,0.0004587217740642,3385,24,101,32,,,1.0,1.0,harmonized run_common,사후 재추정 · 탐색적
적립식,도매·상품중개,업종_HOLD,4,-0.1543778581375557,0.1894893384264416,0.4216619672457605,-0.5413667147686212,0.2326109984935097,1.5437785813755571,%p,0.0035584763171905,3247,23,101,31,,,1.0,1.0,harmonized run_common,사후 재추정 · 탐색적
적립식,도매·상품중개,업종_HOLD,5,-0.1694561543229505,0.2313184028823934,0.4697027561227408,-0.6425554086688166,0.3036431000229155,1.6945615432295054,%p,0.002094274016886,3150,24,101,30,,,1.0,1.0,harmonized run_common,사후 재추정 · 탐색적
적립식,도매·상품중개,업종_HOLD,6,-0.2905057051997856,0.249543020710511,0.2541868125523744,-0.8016714110083552,0.220660000608784,2.905057051997856,%p,-0.008194007396128,3038,24,100,29,,,1.0,1.0,harmonized run_common,사후 재추정 · 탐색적
적립식,도매·상품중개,업종_HOLD,7,-0.3053930034280679,0.2780174152861931,0.2816998459752867,-0.8758376202252514,0.2650516133691155,3.053930034280679,%p,-0.0121256477258595,2910,23,100,28,,,1.0,1.0,harmonized run_common,사후 재추정 · 탐색적
적립식,도매·상품중개,업종_HOLD,8,-0.2843068672354261,0.3092245594026108,0.3663283958150827,-0.9199270522388648,0.3513133177680124,2.8430686723542613,%p,-0.0072677411668313,2808,24,99,27,,,1.0,1.0,harmonized run_common,사후 재추정 · 탐색적
적립식,도매·상품중개,업종_HOLD,9,-0.299694617639918,0.3261890081766005,0.3669928652134656,-0.9714934554639874,0.3721042201841512,2.9969461763991805,%p,-0.0030636405896073,2691,24,99,26,,,1.0,1.0,harmonized run_common,사후 재추정 · 탐색적
적립식,도매·상품중개,업종_HOLD,10,-0.2457316145948784,0.3331294902854007,0.4678810420272735,-0.933277090430794,0.4418138612410369,2.4573161459487847,%p,-0.0185421162629057,2566,23,96,25,,,1.0,1.0,harmonized run_common,사후 재추정 · 탐색적
적립식,도매·상품중개,업종_HOLD,11,-0.1993622882116409,0.3534959446101108,0.5782307113053984,-0.9306243642816172,0.5318997878583352,1.9936228821164093,%p,-0.0100932561082508,2479,24,96,24,,,1.0,1.0,harmonized run_common,사후 재추정 · 탐색적
적립식,도매·상품중개,업종_HOLD,12,-0.1780528377774591,0.3601255003055902,0.6259114170611784,-0.9249074139266856,0.5688017383717672,1.7805283777745915,%p,-0.0046621275174998,2367,24,96,23,,,1.0,1.0,harmonized run_common,사후 재추정 · 탐색적
